dataset,device,endpoint,role,group,bytes,entropy
ours,apple-tv,gdmf.apple.com,update metadata,TLS 1.2,19906,0.9914
ours,apple-tv,gdmf.apple.com,update metadata,TLS 1.2,9863,0.9702
ours,apple-tv,gdmf.apple.com,update metadata,TLS 1.2,42534,0.9974
ours,apple-tv,mesu.apple.com,update catalog,TLS 1.3,7029,0.9966
ours,apple-tv,mesu.apple.com,update catalog,TLS 1.3,5344,0.9945
ours,apple-tv,mesu.apple.com,update catalog,TLS 1.3,7541,0.9969
ours,apple-tv,mesu.apple.com,update catalog,TLS 1.3,7359,0.997
ours,apple-tv,gdmf-ados.apple.com,update metadata,TLS 1.3,6894,0.9961
ours,apple-tv,gdmf.apple.com,update metadata,TLS 1.2,75318,0.999
ours,apple-tv,gdmf-ados.apple.com,update metadata,TLS 1.3,7298,0.9961
ours,apple-tv,gdmf.apple.com,update metadata,TLS 1.2,8324,0.9604
ours,apple-tv,gdmf.apple.com,update metadata,TLS 1.2,8226,0.9587
ours,apple-tv,updates.cdn-apple.com,image,TLS 1.3,32031,0.9994
ours,apple-tv,updates-http.cdn-apple.com,asset,"HTTP, image or asset",2599,0.8503
ours,apple-tv,updates.cdn-apple.com,image,TLS 1.3,710779,1.0
ours,apple-tv,updates.cdn-apple.com,image,TLS 1.3,183272,0.9999
ours,apple-tv,updates.cdn-apple.com,image,TLS 1.3,60253,0.9996
ours,apple-tv,mesu.apple.com,update catalog,TLS 1.3,14264,0.9986
ours,apple-tv,updates.cdn-apple.com,image,TLS 1.3,310446,0.9999
ours,apple-tv,updates.cdn-apple.com,image,TLS 1.3,843625,1.0
ours,apple-tv,updates.cdn-apple.com,image,TLS 1.3,2000000,1.0
ours,apple-tv,updates.cdn-apple.com,image,TLS 1.3,29422,0.9992
ours,apple-tv,updates.cdn-apple.com,image,TLS 1.3,302203,0.9999
ours,apple-tv,updates.cdn-apple.com,image,TLS 1.3,29803,0.9992
ours,apple-tv,updates.cdn-apple.com,image,TLS 1.3,2000000,1.0
ours,apple-tv,updates.cdn-apple.com,image,TLS 1.3,49324,0.9995
ours,apple-tv,updates.cdn-apple.com,image,TLS 1.3,2000000,1.0
ours,apple-tv,mesu.apple.com,update catalog,TLS 1.3,11258,0.998
ours,apple-tv,updates.cdn-apple.com,image,TLS 1.3,27459,0.9993
ours,apple-tv,updates.cdn-apple.com,image,TLS 1.3,942038,1.0
ours,apple-tv,updates.cdn-apple.com,image,TLS 1.3,7140,0.9949
ours,apple-tv,mesu.apple.com,update catalog,TLS 1.3,7981,0.9951
ours,apple-tv,mesu.apple.com,update catalog,TLS 1.3,7979,0.9945
ours,apple-tv,updates.cdn-apple.com,image,TLS 1.3,837132,1.0
ours,apple-tv,mesu.apple.com,update catalog,TLS 1.3,6718,0.9935
ours,apple-tv,updates.cdn-apple.com,image,TLS 1.3,2000000,1.0
ours,apple-tv,updates.cdn-apple.com,image,TLS 1.3,2000000,1.0
ours,apple-tv,updates.cdn-apple.com,image,TLS 1.3,37638,0.9993
ours,apple-tv,mesu.apple.com,update catalog,TLS 1.3,43651,0.9994
ours,apple-tv,updates.cdn-apple.com,image,TLS 1.3,47948,0.9995
ours,apple-tv,updates.cdn-apple.com,image,TLS 1.3,36658,0.9993
ours,apple-tv,updates.cdn-apple.com,image,TLS 1.3,80676,0.9997
ours,apple-tv,updates.cdn-apple.com,image,TLS 1.3,180964,0.9999
ours,apple-tv,mesu.apple.com,update catalog,TLS 1.3,8627,0.9972
ours,apple-tv,updates.cdn-apple.com,image,TLS 1.3,27750,0.9992
ours,apple-tv,updates.cdn-apple.com,image,TLS 1.3,71841,0.9997
ours,apple-tv,updates.cdn-apple.com,image,TLS 1.3,165873,0.9999
ours,apple-tv,updates.cdn-apple.com,image,TLS 1.3,83323,0.9997
ours,apple-tv,updates.cdn-apple.com,image,TLS 1.3,127116,0.9998
ours,apple-tv,updates.cdn-apple.com,image,TLS 1.3,95486,0.9998
ours,apple-tv,updates.cdn-apple.com,image,TLS 1.3,74537,0.9997
ours,apple-tv,updates.cdn-apple.com,image,TLS 1.3,5014,0.995
ours,apple-tv,updates.cdn-apple.com,image,TLS 1.3,116230,0.9998
ours,apple-tv,updates.cdn-apple.com,image,TLS 1.3,192141,0.9999
ours,apple-tv,updates.cdn-apple.com,image,TLS 1.3,136864,0.9998
ours,apple-tv,updates.cdn-apple.com,image,TLS 1.3,28466,0.9992
ours,apple-tv,updates.cdn-apple.com,image,TLS 1.3,84808,0.9998
ours,apple-tv,updates.cdn-apple.com,image,TLS 1.3,2000000,1.0
ours,apple-tv,updates.cdn-apple.com,image,TLS 1.3,1942899,1.0
ours,apple-tv,updates.cdn-apple.com,image,TLS 1.3,458051,0.9999
ours,apple-tv,updates.cdn-apple.com,image,TLS 1.3,2000000,1.0
ours,apple-tv,gdmf.apple.com,update metadata,TLS 1.2,13754,0.9838
ours,apple-tv,updates.cdn-apple.com,image,TLS 1.3,5014,0.9952
ours,apple-tv,updates.cdn-apple.com,image,TLS 1.3,9289,0.9965
ours,apple-tv,gdmf.apple.com,update metadata,TLS 1.2,13608,0.9836
ours,apple-tv,updates.cdn-apple.com,image,TLS 1.3,579489,1.0
ours,apple-tv,gdmf.apple.com,update metadata,TLS 1.2,7268,0.949
ours,apple-tv,updates.cdn-apple.com,image,TLS 1.3,36614,0.9993
ours,apple-tv,updates.cdn-apple.com,image,TLS 1.3,2000000,1.0
ours,apple-tv,updates.cdn-apple.com,image,TLS 1.3,618868,1.0
ours,apple-tv,updates.cdn-apple.com,image,TLS 1.3,2000000,1.0
ours,apple-tv,updates.cdn-apple.com,image,TLS 1.3,1680425,1.0
ours,apple-tv,updates.cdn-apple.com,image,TLS 1.3,485562,0.9999
ours,apple-tv,gdmf.apple.com,update metadata,TLS 1.2,10984,0.9751
ours,apple-tv,updates.cdn-apple.com,image,TLS 1.3,2000000,1.0
ours,apple-tv,gs.apple.com,personalization,TLS 1.2,9017,0.9824
ours,apple-tv,gdmf.apple.com,update metadata,TLS 1.2,36152,0.9967
ours,apple-tv,gdmf.apple.com,update metadata,TLS 1.2,65841,0.9988
ours,apple-tv,gdmf.apple.com,update metadata,TLS 1.2,7989,0.9566
ours,apple-tv,updates.cdn-apple.com,image,TLS 1.3,1831137,1.0
ours,apple-tv,gdmf.apple.com,update metadata,TLS 1.2,10983,0.9751
ours,apple-tv,updates.cdn-apple.com,image,TLS 1.3,2000000,1.0
ours,apple-tv,gdmf.apple.com,update metadata,TLS 1.2,10981,0.9741
ours,eufy-cam,security-app-eu.eufylife.com,update metadata,TLS 1.2,6569,0.9649
ours,eufy-cam,security-app-eu.eufylife.com,update metadata,TLS 1.2,4716,0.939
ours,eufy-cam,cdn-eu-public.eufylife.com,image,TLS 1.2,1953140,1.0
ours,eufy-cam,security-app-eu.eufylife.com,update metadata,TLS 1.2,4716,0.9398
ours,eufy-cam,cdn-eu-public.eufylife.com,image,TLS 1.2,2000000,1.0
ours,eufy-cam,cdn-eu-public.eufylife.com,image,TLS 1.2,2000000,1.0
ours,eufy-cam,cdn-eu-public.eufylife.com,image,TLS 1.2,245757,0.9999
ours,fire-tv,softwareupdates.amazon.com,update check,TLS 1.2,5520,0.9469
ours,homepod,gdmf.apple.com,update metadata,TLS 1.3,11888,0.9981
ours,homepod,gdmf.apple.com,update metadata,TLS 1.3,9645,0.9969
ours,homepod,gdmf.apple.com,update metadata,TLS 1.3,11213,0.9979
ours,homepod,updates.cdn-apple.com,image,TLS 1.3,2000000,1.0
ours,homepod,updates.cdn-apple.com,image,TLS 1.3,33553,0.9993
ours,homepod,updates.cdn-apple.com,image,TLS 1.3,139520,0.9999
ours,homepod,updates.cdn-apple.com,image,TLS 1.3,82462,0.9997
ours,homepod,updates.cdn-apple.com,image,TLS 1.3,41726,0.9994
ours,reolink-cam,LAN:192.168.0.11,image (LAN push),local push,2000000,0.9491
ours,reolink-cam,LAN:192.168.0.11,image (LAN push),local push,31573,0.3743
ours,sony-tv,ssm1.internet.sony.tv,update check,TLS 1.2,6401,0.9475
ours,tapo-c100,ota-download.tplinkcloud.com,image,"HTTP, image or asset",2000000,1.0
ours,tapo-c200,n-device-api.tplinkcloud.com,device API,TLS 1.2,3350,0.9495
ours,tapo-c200,n-device-api.tplinkcloud.com,device API,TLS 1.2,3350,0.9507
ours,tapo-c200,n-device-api.tplinkcloud.com,device API,TLS 1.2,3350,0.9494
ours,tapo-c200,n-device-api.tplinkcloud.com,device API,TLS 1.2,3350,0.9492
ours,tapo-c200,n-device-api.tplinkcloud.com,device API,TLS 1.2,3350,0.9501
ours,tapo-c200,n-device-api.tplinkcloud.com,device API,TLS 1.2,3350,0.9506
ours,tapo-c200,n-device-api.tplinkcloud.com,device API,TLS 1.2,3350,0.9507
ours,tapo-c200,n-device-api.tplinkcloud.com,device API,TLS 1.2,3350,0.9499
ours,tapo-c200,n-device-api.tplinkcloud.com,device API,TLS 1.2,3350,0.95
ours,tapo-c200,n-device-api.tplinkcloud.com,device API,TLS 1.2,3350,0.9491
ours,tapo-c200,n-device-api.tplinkcloud.com,device API,TLS 1.2,3350,0.9493
ours,tapo-c200,n-device-api.tplinkcloud.com,device API,TLS 1.2,3350,0.9498
ours,tapo-c200,n-device-api.tplinkcloud.com,device API,TLS 1.2,3350,0.9499
ours,tapo-c200,n-device-api.tplinkcloud.com,device API,TLS 1.2,3350,0.9487
ours,tapo-c200,n-device-api.tplinkcloud.com,device API,TLS 1.2,3350,0.9509
ours,tapo-c200,n-device-api.tplinkcloud.com,device API,TLS 1.2,3350,0.9496
ours,tapo-c200,n-device-api.tplinkcloud.com,device API,TLS 1.2,3350,0.9504
ours,tapo-c200,n-device-api.tplinkcloud.com,device API,TLS 1.2,3350,0.9502
ours,tapo-c200,n-device-api.tplinkcloud.com,device API,TLS 1.2,3350,0.9502
ours,tapo-c200,n-device-api.tplinkcloud.com,device API,TLS 1.2,3350,0.9495
ours,tapo-c200,n-device-api.tplinkcloud.com,device API,TLS 1.2,3350,0.9499
ours,tapo-c200,n-device-api.tplinkcloud.com,device API,TLS 1.2,3350,0.9499
ours,tapo-c200,n-device-api.tplinkcloud.com,device API,TLS 1.2,3350,0.95
ours,tapo-c200,n-device-api.tplinkcloud.com,device API,TLS 1.2,3350,0.95
ours,tapo-c200,n-device-api.tplinkcloud.com,device API,TLS 1.2,3350,0.9501
ours,tapo-c200,n-device-api.tplinkcloud.com,device API,TLS 1.2,3350,0.9496
ours,tapo-c200,n-device-api.tplinkcloud.com,device API,TLS 1.2,3350,0.9496
ours,tapo-c200,n-device-api.tplinkcloud.com,device API,TLS 1.2,3350,0.9504
ours,tapo-c200,n-device-api.tplinkcloud.com,device API,TLS 1.2,3350,0.9509
ours,tapo-c200,n-device-api.tplinkcloud.com,device API,TLS 1.2,3350,0.9498
ours,tapo-c200,n-device-api.tplinkcloud.com,device API,TLS 1.2,3350,0.9497
ours,tapo-c200,n-device-api.tplinkcloud.com,device API,TLS 1.2,3350,0.9495
ours,tapo-c200,n-device-api.tplinkcloud.com,device API,TLS 1.2,3350,0.9501
ours,tapo-c200,n-device-api.tplinkcloud.com,device API,TLS 1.2,3350,0.9498
ours,tapo-c200,n-device-api.tplinkcloud.com,device API,TLS 1.2,3350,0.95
ours,tapo-c200,n-device-api.tplinkcloud.com,device API,TLS 1.2,3350,0.9509
ours,tapo-c200,n-device-api.tplinkcloud.com,device API,TLS 1.2,3350,0.9497
ours,tapo-c200,n-device-api.tplinkcloud.com,device API,TLS 1.2,3350,0.949
ours,tapo-c200,n-device-api.tplinkcloud.com,device API,TLS 1.2,3350,0.9498
ours,tapo-c200,n-device-api.tplinkcloud.com,device API,TLS 1.2,3350,0.9504
ours,tapo-c200,n-device-api.tplinkcloud.com,device API,TLS 1.2,3350,0.9505
ours,tapo-c200,n-device-api.tplinkcloud.com,device API,TLS 1.2,3350,0.9504
ours,tapo-c200,n-device-api.tplinkcloud.com,device API,TLS 1.2,3350,0.9508
ours,tapo-c200,n-deventry-dcipc.tplinkcloud.com,device API,TLS 1.2,3376,0.951
ours,tapo-c200,n-euw1-devs-dcipc.tplinkcloud.com,device API,TLS 1.2,9692,0.9862
ours,tapo-c200,n-device-api.tplinkcloud.com,device API,TLS 1.2,3577,0.9556
ours,tapo-c200,n-device-api.tplinkcloud.com,device API,TLS 1.2,3350,0.9505
ours,tapo-c200,n-device-api.tplinkcloud.com,device API,TLS 1.2,3350,0.95
ours,tapo-c200,n-device-api.tplinkcloud.com,device API,TLS 1.2,3350,0.95
ours,tapo-c200,n-device-api.tplinkcloud.com,device API,TLS 1.2,3350,0.9509
ours,tapo-c200,n-device-api.tplinkcloud.com,device API,TLS 1.2,3350,0.95
ours,tapo-c200,n-device-api.tplinkcloud.com,device API,TLS 1.2,3350,0.9501
ours,tapo-c200,n-device-api.tplinkcloud.com,device API,TLS 1.2,3576,0.9552
ours,tapo-c200,n-device-api.tplinkcloud.com,device API,TLS 1.2,3350,0.9503
ours,tapo-c200,n-device-api.tplinkcloud.com,device API,TLS 1.2,3350,0.9505
ours,tapo-c200,n-device-api.tplinkcloud.com,device API,TLS 1.2,3350,0.9494
ours,tapo-c200,n-device-api.tplinkcloud.com,device API,TLS 1.2,3350,0.9506
ours,tapo-c200,n-device-api.tplinkcloud.com,device API,TLS 1.2,3350,0.9505
ours,tapo-c200,n-device-api.tplinkcloud.com,device API,TLS 1.2,3350,0.9496
ours,tapo-c200,n-device-api.tplinkcloud.com,device API,TLS 1.2,3350,0.9504
ours,tapo-c200,n-device-api.tplinkcloud.com,device API,TLS 1.2,3350,0.9504
ours,tapo-c200,n-device-api.tplinkcloud.com,device API,TLS 1.2,3350,0.9499
ours,tapo-c200,n-device-api.tplinkcloud.com,device API,TLS 1.2,3350,0.9496
ours,tapo-c200,n-device-api.tplinkcloud.com,device API,TLS 1.2,3350,0.9497
ours,tapo-c200,n-device-api.tplinkcloud.com,device API,TLS 1.2,3350,0.9503
ours,tapo-c200,n-device-api.tplinkcloud.com,device API,TLS 1.2,3350,0.9506
ours,tapo-c200,n-device-api.tplinkcloud.com,device API,TLS 1.2,3350,0.9503
ours,tapo-c200,n-device-api.tplinkcloud.com,device API,TLS 1.2,3350,0.9499
ours,tapo-c200,n-device-api.tplinkcloud.com,device API,TLS 1.2,3350,0.9502
ours,tapo-c200,n-device-api.tplinkcloud.com,device API,TLS 1.2,3350,0.9502
ours,tapo-c200,n-device-api.tplinkcloud.com,device API,TLS 1.2,3350,0.9495
ours,tapo-c200,n-device-api.tplinkcloud.com,device API,TLS 1.2,3350,0.9497
ours,tapo-c200,n-device-api.tplinkcloud.com,device API,TLS 1.2,3350,0.9511
ours,tapo-c200,n-device-api.tplinkcloud.com,device API,TLS 1.2,3350,0.9504
ours,tapo-c200,n-device-api.tplinkcloud.com,device API,TLS 1.2,3350,0.9506
ours,tapo-c200,n-device-api.tplinkcloud.com,device API,TLS 1.2,3350,0.9495
ours,tapo-c200,n-device-api.tplinkcloud.com,device API,TLS 1.2,3350,0.9495
ours,tapo-c200,n-device-api.tplinkcloud.com,device API,TLS 1.2,3350,0.9505
ours,tapo-c200,n-device-api.tplinkcloud.com,device API,TLS 1.2,3350,0.9491
ours,tapo-c200,n-device-api.tplinkcloud.com,device API,TLS 1.2,3350,0.9503
ours,tapo-c200,n-device-api.tplinkcloud.com,device API,TLS 1.2,3350,0.951
ours,tapo-c200,n-device-api.tplinkcloud.com,device API,TLS 1.2,3350,0.95
ours,tapo-c200,n-device-api.tplinkcloud.com,device API,TLS 1.2,3350,0.9493
ours,tapo-c200,n-device-api.tplinkcloud.com,device API,TLS 1.2,3350,0.9499
ours,tapo-c200,n-device-api.tplinkcloud.com,device API,TLS 1.2,3350,0.95
ours,tapo-c200,n-device-api.tplinkcloud.com,device API,TLS 1.2,3350,0.9507
ours,tapo-c200,n-device-api.tplinkcloud.com,device API,TLS 1.2,3350,0.9513
ours,tapo-c200,n-device-api.tplinkcloud.com,device API,TLS 1.2,3350,0.9506
ours,tapo-c200,n-device-api.tplinkcloud.com,device API,TLS 1.2,3350,0.9501
ours,tapo-c200,n-device-api.tplinkcloud.com,device API,TLS 1.2,3350,0.9499
ours,tapo-c200,n-device-api.tplinkcloud.com,device API,TLS 1.2,3350,0.9494
ours,tapo-c200,n-device-api.tplinkcloud.com,device API,TLS 1.2,3350,0.9504
ours,tapo-c200,n-device-api.tplinkcloud.com,device API,TLS 1.2,3350,0.9509
ours,tapo-c200,n-device-api.tplinkcloud.com,device API,TLS 1.2,3350,0.9502
ours,tapo-c200,n-device-api.tplinkcloud.com,device API,TLS 1.2,3350,0.9504
ours,tapo-c200,n-device-api.tplinkcloud.com,device API,TLS 1.2,3350,0.9488
ours,tapo-c200,n-device-api.tplinkcloud.com,device API,TLS 1.2,3350,0.95
ours,tapo-c200,n-device-api.tplinkcloud.com,device API,TLS 1.2,3350,0.9502
ours,tapo-c200,n-device-api.tplinkcloud.com,device API,TLS 1.2,3350,0.9494
ours,tapo-c200,n-device-api.tplinkcloud.com,device API,TLS 1.2,3350,0.9506
ours,tapo-c200,n-device-api.tplinkcloud.com,device API,TLS 1.2,3350,0.9497
ours,tapo-c200,n-device-api.tplinkcloud.com,device API,TLS 1.2,3350,0.95
ours,tapo-c200,n-device-api.tplinkcloud.com,device API,TLS 1.2,3350,0.9503
ours,tapo-c200,n-device-api.tplinkcloud.com,device API,TLS 1.2,3350,0.9511
ours,tapo-c200,n-device-api.tplinkcloud.com,device API,TLS 1.2,3350,0.951
ours,tapo-c200,n-device-api.tplinkcloud.com,device API,TLS 1.2,3350,0.9504
ours,tapo-c200,n-device-api.tplinkcloud.com,device API,TLS 1.2,3350,0.9493
ours,tapo-c200,n-device-api.tplinkcloud.com,device API,TLS 1.2,3350,0.9491
ours,tapo-c200,n-device-api.tplinkcloud.com,device API,TLS 1.2,3350,0.9506
ours,tapo-c200,n-device-api.tplinkcloud.com,device API,TLS 1.2,3350,0.95
ours,tapo-c200,n-device-api.tplinkcloud.com,device API,TLS 1.2,3350,0.9504
ours,tapo-c200,n-device-api.tplinkcloud.com,device API,TLS 1.2,3350,0.9502
ours,tapo-c200,n-device-api.tplinkcloud.com,device API,TLS 1.2,3350,0.9498
ours,tapo-c200,n-device-api.tplinkcloud.com,device API,TLS 1.2,3350,0.9505
ours,tapo-c200,n-device-api.tplinkcloud.com,device API,TLS 1.2,3350,0.9507
ours,tapo-c200,n-device-api.tplinkcloud.com,device API,TLS 1.2,3350,0.95
ours,tapo-c200,n-device-api.tplinkcloud.com,device API,TLS 1.2,3350,0.9504
ours,tapo-c200,n-device-api.tplinkcloud.com,device API,TLS 1.2,3350,0.9501
ours,tapo-c200,n-device-api.tplinkcloud.com,device API,TLS 1.2,3350,0.9502
ours,tapo-c200,n-device-api.tplinkcloud.com,device API,TLS 1.2,3350,0.9485
ours,tapo-c200,n-device-api.tplinkcloud.com,device API,TLS 1.2,3350,0.9503
ours,tapo-c200,n-device-api.tplinkcloud.com,device API,TLS 1.2,3350,0.9508
ours,tapo-c200,n-device-api.tplinkcloud.com,device API,TLS 1.2,3350,0.9487
ours,tapo-c200,n-device-api.tplinkcloud.com,device API,TLS 1.2,3350,0.9494
ours,tapo-c200,n-device-api.tplinkcloud.com,device API,TLS 1.2,3350,0.9508
ours,tapo-c200,n-device-api.tplinkcloud.com,device API,TLS 1.2,3350,0.9501
ours,tapo-c200,n-device-api.tplinkcloud.com,device API,TLS 1.2,3350,0.95
ours,tapo-c200,n-device-api.tplinkcloud.com,device API,TLS 1.2,3350,0.9494
ours,tapo-c200,n-device-api.tplinkcloud.com,device API,TLS 1.2,3350,0.9489
ours,tapo-c200,n-device-api.tplinkcloud.com,device API,TLS 1.2,3350,0.9508
ours,tapo-c200,n-device-api.tplinkcloud.com,device API,TLS 1.2,3350,0.9497
ours,tapo-c200,n-device-api.tplinkcloud.com,device API,TLS 1.2,3350,0.9499
ours,tapo-c200,n-device-api.tplinkcloud.com,device API,TLS 1.2,3350,0.9495
ours,tapo-c200,n-device-api.tplinkcloud.com,device API,TLS 1.2,3350,0.9499
ours,tapo-c200,n-device-api.tplinkcloud.com,device API,TLS 1.2,3350,0.9507
ours,tapo-c200,n-device-api.tplinkcloud.com,device API,TLS 1.2,3350,0.9508
ours,tapo-c200,n-device-api.tplinkcloud.com,device API,TLS 1.2,3350,0.9509
ours,tapo-c200,n-device-api.tplinkcloud.com,device API,TLS 1.2,3350,0.95
ours,tapo-c200,n-device-api.tplinkcloud.com,device API,TLS 1.2,3350,0.9496
ours,tapo-c200,n-device-api.tplinkcloud.com,device API,TLS 1.2,3350,0.9499
ours,tapo-c200,n-device-api.tplinkcloud.com,device API,TLS 1.2,3350,0.9504
ours,tapo-c200,n-device-api.tplinkcloud.com,device API,TLS 1.2,3350,0.9495
ours,tapo-c200,n-device-api.tplinkcloud.com,device API,TLS 1.2,3350,0.9495
ours,tapo-c200,n-device-api.tplinkcloud.com,device API,TLS 1.2,3350,0.9504
ours,tapo-c200,download.tplinkcloud.com,image,"HTTP, image or asset",2000000,0.9885
ours,xiaomi-cam,fk-res-abroad-cdn.home.mi.com,image,TLS 1.2,2000000,1.0
ours,xiaomi-cam,de.ots.io.mi.com,device channel,TLS 1.2,2608,0.9838
2019,allure-speaker,awsota.linkplay.com,OTA,TLS 1.2,7324,0.9598
2019,allure-speaker,awsota.linkplay.com,OTA,TLS 1.2,8150,0.9658
2019,allure-speaker,awsota.linkplay.com,OTA,TLS 1.2,6141,0.9459
2019,allure-speaker,awsota.linkplay.com,OTA,TLS 1.2,7353,0.9606
2019,allure-speaker,awsota.linkplay.com,OTA,TLS 1.2,8092,0.9658
2019,allure-speaker,awsota.linkplay.com,OTA,TLS 1.2,6141,0.945
2019,allure-speaker,awsota.linkplay.com,OTA,TLS 1.2,7324,0.9589
2019,allure-speaker,awsota.linkplay.com,OTA,TLS 1.2,8121,0.9659
2019,allure-speaker,awsota.linkplay.com,OTA,TLS 1.2,6141,0.9447
2019,appletv,mesu.apple.com,update catalog,TLS 1.2,3746,0.9227
2019,appletv,gdmf.apple.com,update metadata,TLS 1.2,549114,1.0
2019,appletv,mesu.apple.com,update catalog,TLS 1.2,4109,0.9359
2019,appletv,mesu.apple.com,update catalog,TLS 1.2,4145,0.9379
2019,appletv,mesu.apple.com,update catalog,TLS 1.2,3752,0.9263
2019,appletv,mesu.apple.com,update catalog,TLS 1.2,17892,0.9927
2019,appletv,mesu.apple.com,update catalog,TLS 1.2,3347,0.9116
2019,appletv,mesu.apple.com,update catalog,TLS 1.2,16313,0.9911
2019,appletv,mesu.apple.com,update catalog,TLS 1.2,3734,0.9251
2019,appletv,gdmf.apple.com,update metadata,TLS 1.2,549114,0.9999
2019,appletv,mesu.apple.com,update catalog,TLS 1.2,4160,0.9378
2019,appletv,mesu.apple.com,update catalog,TLS 1.2,3696,0.9266
2019,appletv,mesu.apple.com,update catalog,TLS 1.2,16689,0.9918
2019,appletv,mesu.apple.com,update catalog,TLS 1.2,3702,0.9237
2019,appletv,gdmf.apple.com,update metadata,TLS 1.2,549114,1.0
2019,appletv,mesu.apple.com,update catalog,TLS 1.2,4159,0.9375
2019,appletv,mesu.apple.com,update catalog,TLS 1.2,3710,0.9251
2019,appletv,mesu.apple.com,update catalog,TLS 1.2,16623,0.9918
2019,appletv,mesu.apple.com,update catalog,TLS 1.2,3744,0.9263
2019,smartthings-hub,fw-update2.smartthings.com,firmware update,TLS 1.2,1964,0.9222
2019,smartthings-hub,fw-update2.smartthings.com,firmware update,TLS 1.2,1964,0.9175
2019,smartthings-hub,fw-update2.smartthings.com,firmware update,TLS 1.2,1964,0.9174
2019,smartthings-hub,fw-update2.smartthings.com,firmware update,TLS 1.2,1964,0.92
2019,smartthings-hub,fw-update2.smartthings.com,firmware update,TLS 1.2,1964,0.9186
2019,smartthings-hub,fw-update2.smartthings.com,firmware update,TLS 1.2,1933,0.9185
2019,smartthings-hub,fw-update2.smartthings.com,firmware update,TLS 1.2,1964,0.918
2019,smartthings-hub,fw-update2.smartthings.com,firmware update,TLS 1.2,1964,0.9195
2019,smartthings-hub,fw-update2.smartthings.com,firmware update,TLS 1.2,1964,0.9198
2019,smartthings-hub,fw-update2.smartthings.com,firmware update,TLS 1.2,1964,0.9204
2019,smartthings-hub,fw-update2.smartthings.com,firmware update,TLS 1.2,1964,0.9197
2019,smartthings-hub,fw-update2.smartthings.com,firmware update,TLS 1.2,1964,0.9183
2019,smartthings-hub,fw-update2.smartthings.com,firmware update,TLS 1.2,1722,0.9041
2019,smartthings-hub,fw-update2.smartthings.com,firmware update,TLS 1.2,1964,0.9192
2019,smartthings-hub,fw-update2.smartthings.com,firmware update,TLS 1.2,1964,0.9168
2019,smartthings-hub,fw-update2.smartthings.com,firmware update,TLS 1.2,1964,0.9188
2019,smartthings-hub,fw-update2.smartthings.com,firmware update,TLS 1.2,1964,0.9155
2019,smartthings-hub,fw-update2.smartthings.com,firmware update,TLS 1.2,1964,0.9178
2019,smartthings-hub,fw-update2.smartthings.com,firmware update,TLS 1.2,1964,0.921
2019,smartthings-hub,fw-update2.smartthings.com,firmware update,TLS 1.2,1964,0.917
2019,smartthings-hub,fw-update2.smartthings.com,firmware update,TLS 1.2,1821,0.912
2019,smartthings-hub,fw-update2.smartthings.com,firmware update,TLS 1.2,1964,0.9169
2019,smartthings-hub,fw-update2.smartthings.com,firmware update,TLS 1.2,1964,0.9192
2019,smartthings-hub,fw-update2.smartthings.com,firmware update,TLS 1.2,1964,0.9202
2019,smartthings-hub,fw-update2.smartthings.com,firmware update,TLS 1.2,1964,0.918
2019,smartthings-hub,fw-update2.smartthings.com,firmware update,TLS 1.2,1964,0.9167
2019,smartthings-hub,fw-update2.smartthings.com,firmware update,TLS 1.2,1964,0.9179
2019,smartthings-hub,fw-update2.smartthings.com,firmware update,TLS 1.2,1671,0.9027
2019,smartthings-hub,fw-update2.smartthings.com,firmware update,TLS 1.2,1964,0.9185
2019,smartthings-hub,fw-update2.smartthings.com,firmware update,TLS 1.2,1964,0.9173
2019,smartthings-hub,fw-update2.smartthings.com,firmware update,TLS 1.2,1964,0.9184
2019,allure-speaker,awsota.linkplay.com,OTA,TLS 1.2,7353,0.9594
2019,allure-speaker,awsota.linkplay.com,OTA,TLS 1.2,8092,0.9654
2019,allure-speaker,awsota.linkplay.com,OTA,TLS 1.2,6140,0.9458
2019,allure-speaker,awsota.linkplay.com,OTA,TLS 1.2,7353,0.96
2019,allure-speaker,awsota.linkplay.com,OTA,TLS 1.2,8121,0.9659
2019,allure-speaker,awsota.linkplay.com,OTA,TLS 1.2,6141,0.9453
2019,allure-speaker,awsota.linkplay.com,OTA,TLS 1.2,7353,0.9595
2019,allure-speaker,awsota.linkplay.com,OTA,TLS 1.2,8119,0.9659
2019,allure-speaker,awsota.linkplay.com,OTA,TLS 1.2,6165,0.9453
2019,appletv,mesu.apple.com,update catalog,TLS 1.2,3765,0.9216
2019,appletv,gdmf.apple.com,update metadata,TLS 1.2,548375,0.9999
2019,appletv,mesu.apple.com,update catalog,TLS 1.2,4140,0.9375
2019,appletv,mesu.apple.com,update catalog,TLS 1.2,984,0.9659
2019,appletv,mesu.apple.com,update catalog,TLS 1.2,3783,0.9281
2019,appletv,mesu.apple.com,update catalog,TLS 1.2,527,0.9387
2019,appletv,mesu.apple.com,update catalog,TLS 1.2,16312,0.9922
2019,appletv,mesu.apple.com,update catalog,TLS 1.2,3733,0.9252
2019,appletv,updates-http.cdn-apple.com,asset download asset,"HTTP, image or asset",2000000,0.9997
2019,appletv,updates-http.cdn-apple.com,asset download asset,"HTTP, image or asset",2000000,0.9997
2019,appletv,updates-http.cdn-apple.com,asset download asset,"HTTP, image or asset",1303010,0.9994
2019,appletv,mesu.apple.com,update catalog,TLS 1.2,4076,0.9366
2019,appletv,updates-http.cdn-apple.com,asset download asset,"HTTP, image or asset",80409,0.999
2019,appletv,mesu.apple.com,update catalog,TLS 1.2,3378,0.9123
2019,appletv,gdmf.apple.com,update metadata,TLS 1.2,549115,0.9999
2019,appletv,mesu.apple.com,update catalog,TLS 1.2,4159,0.9383
2019,appletv,mesu.apple.com,update catalog,TLS 1.2,3743,0.9269
2019,appletv,mesu.apple.com,update catalog,TLS 1.2,3775,0.9271
2019,appletv,mesu.apple.com,update catalog,TLS 1.2,16418,0.9918
2019,appletv,mesu.apple.com,update catalog,TLS 1.2,3733,0.9259
2019,appletv,mesu.apple.com,update catalog,TLS 1.2,6115,0.967
2019,appletv,mesu.apple.com,update catalog,TLS 1.2,3733,0.9232
2019,appletv,gdmf.apple.com,update metadata,TLS 1.2,549115,1.0
2019,appletv,mesu.apple.com,update catalog,TLS 1.2,4189,0.94
2019,appletv,mesu.apple.com,update catalog,TLS 1.2,3741,0.9259
2019,appletv,mesu.apple.com,update catalog,TLS 1.2,16653,0.9917
2019,appletv,mesu.apple.com,update catalog,TLS 1.2,3733,0.9253
2019,honeywell-thermostat,fwuprod.clouddevice.io,firmware update,TLS 1.2,3719,0.8951
2019,samsungtv-wired,otn.samsungcloudcdn.com,firmware metadata,"HTTP, check or metadata",6035,0.9914
2019,samsungtv-wired,otn.samsungcloudcdn.com,firmware metadata,"HTTP, check or metadata",6035,0.9914
2019,samsungtv-wired,otn.samsungcloudcdn.com,firmware metadata,"HTTP, check or metadata",6035,0.9916
2019,smartthings-hub,fw-update2.smartthings.com,firmware update,TLS 1.2,1964,0.9201
2019,smartthings-hub,fw-update2.smartthings.com,firmware update,TLS 1.2,1964,0.9179
2019,smartthings-hub,fw-update2.smartthings.com,firmware update,TLS 1.2,1964,0.9219
2019,smartthings-hub,fw-update2.smartthings.com,firmware update,TLS 1.2,1964,0.92
2019,smartthings-hub,fw-update2.smartthings.com,firmware update,TLS 1.2,1964,0.923
2019,smartthings-hub,fw-update2.smartthings.com,firmware update,TLS 1.2,1964,0.9195
2019,smartthings-hub,fw-update2.smartthings.com,firmware update,TLS 1.2,1964,0.9164
2019,smartthings-hub,fw-update2.smartthings.com,firmware update,TLS 1.2,1964,0.9181
2019,smartthings-hub,fw-update2.smartthings.com,firmware update,TLS 1.2,1964,0.9208
2019,smartthings-hub,fw-update2.smartthings.com,firmware update,TLS 1.2,1964,0.9191
2019,smartthings-hub,fw-update2.smartthings.com,firmware update,TLS 1.2,1964,0.9174
2019,smartthings-hub,fw-update2.smartthings.com,firmware update,TLS 1.2,1964,0.9168
2019,smartthings-hub,fw-update2.smartthings.com,firmware update,TLS 1.2,1964,0.921
2019,smartthings-hub,fw-update2.smartthings.com,firmware update,TLS 1.2,1964,0.9204
2019,smartthings-hub,fw-update2.smartthings.com,firmware update,TLS 1.2,1964,0.9204
2019,smartthings-hub,fw-update2.smartthings.com,firmware update,TLS 1.2,1964,0.9179
2019,smartthings-hub,fw-update2.smartthings.com,firmware update,TLS 1.2,1964,0.9206
2019,smartthings-hub,fw-update2.smartthings.com,firmware update,TLS 1.2,1964,0.9154
2019,smartthings-hub,fw-update2.smartthings.com,firmware update,TLS 1.2,1964,0.9185
2019,smartthings-hub,fw-update2.smartthings.com,firmware update,TLS 1.2,1964,0.9186
2019,smartthings-hub,fw-update2.smartthings.com,firmware update,TLS 1.2,1964,0.9173
2019,smartthings-hub,fw-update2.smartthings.com,firmware update,TLS 1.2,1964,0.9213
2019,smartthings-hub,fw-update2.smartthings.com,firmware update,TLS 1.2,1964,0.9183
2019,smartthings-hub,fw-update2.smartthings.com,firmware update,TLS 1.2,1964,0.9175
2019,smartthings-hub,fw-update2.smartthings.com,firmware update,TLS 1.2,1964,0.9185
2019,smartthings-hub,fw-update2.smartthings.com,firmware update,TLS 1.2,1964,0.9193
2019,smartthings-hub,fw-update2.smartthings.com,firmware update,TLS 1.2,1964,0.9194
2019,smartthings-hub,fw-update2.smartthings.com,firmware update,TLS 1.2,1964,0.9221
2019,smartthings-hub,fw-update2.smartthings.com,firmware update,TLS 1.2,1964,0.9148
2019,smartthings-hub,fw-update2.smartthings.com,firmware update,TLS 1.2,1964,0.9226
2019,smartthings-hub,fw-update2.smartthings.com,firmware update,TLS 1.2,1964,0.9213
2019,smartthings-hub,fw-update2.smartthings.com,firmware update,TLS 1.2,1964,0.9179
2019,smartthings-hub,fw-update2.smartthings.com,firmware update,TLS 1.2,1964,0.9187
2019,smartthings-hub,fw-update2.smartthings.com,firmware update,TLS 1.2,1964,0.915
2019,appletv,mesu.apple.com,update catalog,TLS 1.2,3740,0.9223
2019,appletv,gdmf.apple.com,update metadata,TLS 1.2,549114,1.0
2019,appletv,mesu.apple.com,update catalog,TLS 1.2,4152,0.9336
2019,appletv,mesu.apple.com,update catalog,TLS 1.2,3734,0.9232
2019,appletv,mesu.apple.com,update catalog,TLS 1.2,3998,0.9277
2019,appletv,mesu.apple.com,update catalog,"HTTP, check or metadata",8603,0.9898
2019,appletv,mesu.apple.com,update catalog,TLS 1.2,11824,0.9874
2019,appletv,updates-http.cdn-apple.com,asset download asset,"HTTP, image or asset",594460,0.9821
2019,appletv,gdmf.apple.com,update metadata,TLS 1.2,550335,0.9999
2019,appletv,mesu.apple.com,update catalog,TLS 1.2,4157,0.9336
2019,appletv,mesu.apple.com,update catalog,TLS 1.2,3763,0.922
2019,appletv,mesu.apple.com,update catalog,TLS 1.2,4238,0.9358
2019,appletv,mesu.apple.com,update catalog,TLS 1.2,3771,0.9223
2019,appletv,mesu.apple.com,update catalog,TLS 1.2,3734,0.9217
2019,appletv,gdmf.apple.com,update metadata,TLS 1.2,549115,1.0
2019,appletv,mesu.apple.com,update catalog,TLS 1.2,4152,0.9343
2019,appletv,mesu.apple.com,update catalog,TLS 1.2,3764,0.9226
2019,appletv,mesu.apple.com,update catalog,TLS 1.2,4135,0.9323
2019,appletv,mesu.apple.com,update catalog,TLS 1.2,3767,0.9244
2019,dlink-mov,wrpd.dlink.com,firmware query,"HTTP, check or metadata",632,0.6924
2019,dlink-mov,api.dch.dlink.com,upgrade agent,"HTTP, check or metadata",493,0.7459
2019,dlink-mov,wrpd.dlink.com,firmware query,"HTTP, check or metadata",632,0.6919
2019,dlink-mov,api.dch.dlink.com,upgrade agent,"HTTP, check or metadata",493,0.7476
2019,dlink-mov,wrpd.dlink.com,firmware query,"HTTP, check or metadata",632,0.6922
2019,dlink-mov,api.dch.dlink.com,upgrade agent,"HTTP, check or metadata",493,0.7466
2019,firetv,softwareupdates.amazon.com,update check,TLS 1.2,6405,0.9536
2019,lgtv-wired,snu.lge.com,update check,"HTTP, check or metadata",235,0.64
2019,lgtv-wired,snu.lge.com,update check,"HTTP, check or metadata",1111,0.7313
2019,lgtv-wired,snu.lge.com,update check,"HTTP, check or metadata",1111,0.7316
2019,samsungtv-wired,otn.samsungcloudcdn.com,firmware metadata,"HTTP, check or metadata",6034,0.9913
2019,samsungtv-wired,otn.samsungcloudcdn.com,firmware metadata,"HTTP, check or metadata",6034,0.9915
2019,samsungtv-wired,otn.samsungcloudcdn.com,firmware metadata,"HTTP, check or metadata",6034,0.9912
2019,samsungtv-wired,otn.samsungcloudcdn.com,firmware metadata,"HTTP, check or metadata",5949,0.9916
2019,samsungtv-wired,otn.samsungcloudcdn.com,firmware metadata,"HTTP, check or metadata",5949,0.9916
2019,samsungtv-wired,otn.samsungcloudcdn.com,firmware metadata,"HTTP, check or metadata",6036,0.9913
2019,samsungtv-wired,otn.samsungcloudcdn.com,firmware metadata,"HTTP, check or metadata",6034,0.9911
2019,samsungtv-wired,otn.samsungcloudcdn.com,firmware metadata,"HTTP, check or metadata",5835,0.9929
2019,samsungtv-wired,otn.samsungcloudcdn.com,firmware metadata,"HTTP, check or metadata",6034,0.9913
2019,smartthings-hub,fw-update2.smartthings.com,firmware update,TLS 1.2,1964,0.9173
2019,smartthings-hub,fw-update2.smartthings.com,firmware update,TLS 1.2,2323,0.931
2019,smartthings-hub,fw-update2.smartthings.com,firmware update,TLS 1.2,1964,0.9224
2019,smartthings-hub,fw-update2.smartthings.com,firmware update,TLS 1.2,1964,0.9176
2019,smartthings-hub,fw-update2.smartthings.com,firmware update,TLS 1.2,1964,0.9192
2019,smartthings-hub,fw-update2.smartthings.com,firmware update,TLS 1.2,1964,0.9187
2019,smartthings-hub,fw-update2.smartthings.com,firmware update,TLS 1.2,1858,0.9124
2019,smartthings-hub,fw-update2.smartthings.com,firmware update,TLS 1.2,1964,0.9201
2019,smartthings-hub,fw-update2.smartthings.com,firmware update,TLS 1.2,1964,0.919
2019,smartthings-hub,fw-update2.smartthings.com,firmware update,TLS 1.2,1964,0.9207
2019,smartthings-hub,fw-update2.smartthings.com,firmware update,TLS 1.2,1964,0.9204
2019,smartthings-hub,fw-update2.smartthings.com,firmware update,TLS 1.2,1964,0.9215
2019,smartthings-hub,fw-update2.smartthings.com,firmware update,TLS 1.2,1964,0.9178
2019,smartthings-hub,fw-update2.smartthings.com,firmware update,TLS 1.2,1858,0.915
2019,smartthings-hub,fw-update2.smartthings.com,firmware update,TLS 1.2,1964,0.9187
2019,smartthings-hub,fw-update2.smartthings.com,firmware update,TLS 1.2,1964,0.9198
2019,smartthings-hub,fw-update2.smartthings.com,firmware update,TLS 1.2,1964,0.9192
2019,smartthings-hub,fw-update2.smartthings.com,firmware update,TLS 1.2,1964,0.9187
2019,smartthings-hub,fw-update2.smartthings.com,firmware update,TLS 1.2,1964,0.9198
2019,smartthings-hub,fw-update2.smartthings.com,firmware update,TLS 1.2,1964,0.9203
2019,smartthings-hub,fw-update2.smartthings.com,firmware update,TLS 1.2,1964,0.9209
2019,smartthings-hub,fw-update2.smartthings.com,firmware update,TLS 1.2,1964,0.9183
2019,smartthings-hub,fw-update2.smartthings.com,firmware update,TLS 1.2,1964,0.9204
2019,smartthings-hub,fw-update2.smartthings.com,firmware update,TLS 1.2,1964,0.919
2019,smartthings-hub,fw-update2.smartthings.com,firmware update,TLS 1.2,1964,0.9206
2019,smartthings-hub,fw-update2.smartthings.com,firmware update,TLS 1.2,1964,0.9183
2019,smartthings-hub,fw-update2.smartthings.com,firmware update,TLS 1.2,1964,0.9182
2019,smartthings-hub,fw-update2.smartthings.com,firmware update,TLS 1.2,1964,0.9192
2019,smartthings-hub,fw-update2.smartthings.com,firmware update,TLS 1.2,1933,0.9165
2019,smartthings-hub,fw-update2.smartthings.com,firmware update,TLS 1.2,1964,0.9193
2019,smartthings-hub,fw-update2.smartthings.com,firmware update,TLS 1.2,1964,0.9199
2019,smartthings-hub,fw-update2.smartthings.com,firmware update,TLS 1.2,1964,0.9188
2019,smartthings-hub,fw-update2.smartthings.com,firmware update,TLS 1.2,1964,0.9212
2019,smartthings-hub,fw-update2.smartthings.com,firmware update,TLS 1.2,1964,0.9174
2019,smartthings-hub,fw-update2.smartthings.com,firmware update,TLS 1.2,1964,0.9203
2019,smartthings-hub,fw-update2.smartthings.com,firmware update,TLS 1.2,1964,0.918
2019,smartthings-hub,fw-update2.smartthings.com,firmware update,TLS 1.2,1964,0.92
2019,smartthings-hub,fw-update2.smartthings.com,firmware update,TLS 1.2,1767,0.9084
2019,smartthings-hub,fw-update2.smartthings.com,firmware update,TLS 1.2,1964,0.918
2019,smartthings-hub,fw-update2.smartthings.com,firmware update,TLS 1.2,1964,0.9213
2019,smartthings-hub,fw-update2.smartthings.com,firmware update,TLS 1.2,1964,0.9221
2019,smartthings-hub,fw-update2.smartthings.com,firmware update,TLS 1.2,1964,0.9216
2019,smartthings-hub,fw-update2.smartthings.com,firmware update,TLS 1.2,1964,0.9162
2019,smartthings-hub,fw-update2.smartthings.com,firmware update,TLS 1.2,1964,0.9172
2019,smartthings-hub,fw-update2.smartthings.com,firmware update,TLS 1.2,1964,0.9176
2019,smartthings-hub,fw-update2.smartthings.com,firmware update,TLS 1.2,1964,0.92
2019,smartthings-hub,fw-update2.smartthings.com,firmware update,TLS 1.2,1964,0.915
2019,smartthings-hub,fw-update2.smartthings.com,firmware update,TLS 1.2,1964,0.9202
2019,smartthings-hub,fw-update2.smartthings.com,firmware update,TLS 1.2,1964,0.9191
2019,smartthings-hub,fw-update2.smartthings.com,firmware update,TLS 1.2,1964,0.9211
2019,smartthings-hub,fw-update2.smartthings.com,firmware update,TLS 1.2,1964,0.9219
2019,smartthings-hub,fw-update2.smartthings.com,firmware update,TLS 1.2,1964,0.9167
2019,smartthings-hub,fw-update2.smartthings.com,firmware update,TLS 1.2,1964,0.9162
2019,smartthings-hub,fw-update2.smartthings.com,firmware update,TLS 1.2,1964,0.9198
2019,smartthings-hub,fw-update2.smartthings.com,firmware update,TLS 1.2,1964,0.9163
2019,smartthings-hub,fw-update2.smartthings.com,firmware update,TLS 1.2,1964,0.9185
2019,smartthings-hub,fw-update2.smartthings.com,firmware update,TLS 1.2,1964,0.9215
2019,smartthings-hub,fw-update2.smartthings.com,firmware update,TLS 1.2,1964,0.9163
2019,smartthings-hub,fw-update2.smartthings.com,firmware update,TLS 1.2,1964,0.9183
2019,smartthings-hub,fw-update2.smartthings.com,firmware update,TLS 1.2,1964,0.9179
2019,smartthings-hub,fw-update2.smartthings.com,firmware update,TLS 1.2,1964,0.9159
2019,smartthings-hub,fw-update2.smartthings.com,firmware update,TLS 1.2,1964,0.9187
2019,smartthings-hub,fw-update2.smartthings.com,firmware update,TLS 1.2,1964,0.9216
2019,smartthings-hub,fw-update2.smartthings.com,firmware update,TLS 1.2,1964,0.9202
2019,wink-hub2,hub-updates.winkapp.com,hub update,TLS 1.2,5223,0.9464
2019,wink-hub2,hub-updates.winkapp.com,hub update,TLS 1.2,5223,0.9477
2019,wink-hub2,hub-updates.winkapp.com,hub update,TLS 1.2,5223,0.9465
2019,appletv,mesu.apple.com,update catalog,TLS 1.2,3794,0.9249
2019,appletv,gdmf.apple.com,update metadata,TLS 1.2,550561,1.0
2019,appletv,mesu.apple.com,update catalog,TLS 1.2,4183,0.9343
2019,appletv,mesu.apple.com,update catalog,TLS 1.2,3765,0.9239
2019,appletv,mesu.apple.com,update catalog,TLS 1.2,4143,0.931
2019,appletv,mesu.apple.com,update catalog,TLS 1.2,3766,0.9239
2019,appletv,mesu.apple.com,update catalog,TLS 1.2,3798,0.9223
2019,appletv,gdmf.apple.com,update metadata,TLS 1.2,549113,1.0
2019,appletv,mesu.apple.com,update catalog,TLS 1.2,4183,0.9348
2019,appletv,mesu.apple.com,update catalog,TLS 1.2,3764,0.9249
2019,appletv,mesu.apple.com,update catalog,TLS 1.2,4004,0.9269
2019,appletv,mesu.apple.com,update catalog,TLS 1.2,3764,0.9227
2019,appletv,mesu.apple.com,update catalog,TLS 1.2,3798,0.925
2019,appletv,gdmf.apple.com,update metadata,TLS 1.2,550561,1.0
2019,appletv,mesu.apple.com,update catalog,TLS 1.2,4224,0.9361
2019,appletv,mesu.apple.com,update catalog,TLS 1.2,3794,0.9217
2019,appletv,mesu.apple.com,update catalog,TLS 1.2,4036,0.9305
2019,appletv,mesu.apple.com,update catalog,TLS 1.2,6091,0.9647
2019,appletv,mesu.apple.com,update catalog,TLS 1.2,3764,0.9225
2019,appletv,mesu.apple.com,update catalog,TLS 1.2,3796,0.9228
2019,dlink-mov,wrpd.dlink.com,firmware query,"HTTP, check or metadata",632,0.6913
2019,dlink-mov,api.dch.dlink.com,upgrade agent,"HTTP, check or metadata",493,0.7508
2019,dlink-mov,wrpd.dlink.com,firmware query,"HTTP, check or metadata",632,0.6922
2019,dlink-mov,api.dch.dlink.com,upgrade agent,"HTTP, check or metadata",493,0.7454
2019,dlink-mov,wrpd.dlink.com,firmware query,"HTTP, check or metadata",632,0.6917
2019,dlink-mov,api.dch.dlink.com,upgrade agent,"HTTP, check or metadata",493,0.7472
2019,echoplus,softwareupdates.amazon.com,update check,TLS 1.2,5046,0.9442
2019,lgtv-wired,snu.lge.com,update check,"HTTP, check or metadata",1111,0.7296
2019,lgtv-wired,snu.lge.com,update check,"HTTP, check or metadata",1111,0.7308
2019,lgtv-wired,snu.lge.com,update check,"HTTP, check or metadata",1111,0.7306
2019,samsungtv-wired,otn.samsungcloudcdn.com,firmware metadata,"HTTP, check or metadata",6035,0.9913
2019,samsungtv-wired,otn.samsungcloudcdn.com,firmware metadata,"HTTP, check or metadata",5949,0.9916
2019,samsungtv-wired,otn.samsungcloudcdn.com,firmware metadata,"HTTP, check or metadata",5949,0.9916
2019,samsungtv-wired,otn.samsungcloudcdn.com,firmware metadata,"HTTP, check or metadata",6036,0.9912
2019,samsungtv-wired,otn.samsungcloudcdn.com,firmware metadata,"HTTP, check or metadata",6035,0.9913
2019,samsungtv-wired,otn.samsungcloudcdn.com,firmware metadata,"HTTP, check or metadata",6035,0.9912
2019,samsungtv-wired,otn.samsungcloudcdn.com,firmware metadata,"HTTP, check or metadata",6035,0.9913
2019,samsungtv-wired,otn.samsungcloudcdn.com,firmware metadata,"HTTP, check or metadata",6035,0.9913
2019,samsungtv-wired,otn.samsungcloudcdn.com,firmware metadata,"HTTP, check or metadata",6035,0.9912
2019,smartthings-hub,fw-update2.smartthings.com,firmware update,TLS 1.2,1964,0.9188
2019,smartthings-hub,fw-update2.smartthings.com,firmware update,TLS 1.2,1964,0.9191
2019,smartthings-hub,fw-update2.smartthings.com,firmware update,TLS 1.2,1964,0.918
2019,smartthings-hub,fw-update2.smartthings.com,firmware update,TLS 1.2,1964,0.9196
2019,smartthings-hub,fw-update2.smartthings.com,firmware update,TLS 1.2,1964,0.9197
2019,smartthings-hub,fw-update2.smartthings.com,firmware update,TLS 1.2,1964,0.9166
2019,smartthings-hub,fw-update2.smartthings.com,firmware update,TLS 1.2,1964,0.9182
2019,smartthings-hub,fw-update2.smartthings.com,firmware update,TLS 1.2,1964,0.9198
2019,smartthings-hub,fw-update2.smartthings.com,firmware update,TLS 1.2,1964,0.9193
2019,smartthings-hub,fw-update2.smartthings.com,firmware update,TLS 1.2,1964,0.9217
2019,smartthings-hub,fw-update2.smartthings.com,firmware update,TLS 1.2,1964,0.9204
2019,smartthings-hub,fw-update2.smartthings.com,firmware update,TLS 1.2,1964,0.919
2019,smartthings-hub,fw-update2.smartthings.com,firmware update,TLS 1.2,1964,0.9191
2019,smartthings-hub,fw-update2.smartthings.com,firmware update,TLS 1.2,1964,0.92
2019,smartthings-hub,fw-update2.smartthings.com,firmware update,TLS 1.2,1964,0.9198
2019,smartthings-hub,fw-update2.smartthings.com,firmware update,TLS 1.2,1964,0.9196
2019,smartthings-hub,fw-update2.smartthings.com,firmware update,TLS 1.2,1964,0.9204
2019,smartthings-hub,fw-update2.smartthings.com,firmware update,TLS 1.2,1964,0.9207
2019,smartthings-hub,fw-update2.smartthings.com,firmware update,TLS 1.2,1964,0.9199
2019,smartthings-hub,fw-update2.smartthings.com,firmware update,TLS 1.2,1964,0.9191
2019,smartthings-hub,fw-update2.smartthings.com,firmware update,TLS 1.2,1964,0.9202
2019,smartthings-hub,fw-update2.smartthings.com,firmware update,TLS 1.2,1964,0.918
2019,smartthings-hub,fw-update2.smartthings.com,firmware update,TLS 1.2,1964,0.9197
2019,smartthings-hub,fw-update2.smartthings.com,firmware update,TLS 1.2,1964,0.9166
2019,smartthings-hub,fw-update2.smartthings.com,firmware update,TLS 1.2,1964,0.9193
2019,smartthings-hub,fw-update2.smartthings.com,firmware update,TLS 1.2,1964,0.9193
2019,smartthings-hub,fw-update2.smartthings.com,firmware update,TLS 1.2,1964,0.9164
2019,smartthings-hub,fw-update2.smartthings.com,firmware update,TLS 1.2,1964,0.9187
2019,smartthings-hub,fw-update2.smartthings.com,firmware update,TLS 1.2,1964,0.9185
2019,smartthings-hub,fw-update2.smartthings.com,firmware update,TLS 1.2,1964,0.9211
2019,smartthings-hub,fw-update2.smartthings.com,firmware update,TLS 1.2,1964,0.92
2019,smartthings-hub,fw-update2.smartthings.com,firmware update,TLS 1.2,1964,0.9218
2019,smartthings-hub,fw-update2.smartthings.com,firmware update,TLS 1.2,1964,0.9188
2019,smartthings-hub,fw-update2.smartthings.com,firmware update,TLS 1.2,1964,0.9213
2019,smartthings-hub,fw-update2.smartthings.com,firmware update,TLS 1.2,1964,0.9183
2019,smartthings-hub,fw-update2.smartthings.com,firmware update,TLS 1.2,1964,0.9188
2019,smartthings-hub,fw-update2.smartthings.com,firmware update,TLS 1.2,1964,0.9196
2019,smartthings-hub,fw-update2.smartthings.com,firmware update,TLS 1.2,1964,0.9199
2019,smartthings-hub,fw-update2.smartthings.com,firmware update,TLS 1.2,1964,0.9202
2019,smartthings-hub,fw-update2.smartthings.com,firmware update,TLS 1.2,1964,0.9177
2019,smartthings-hub,fw-update2.smartthings.com,firmware update,TLS 1.2,1964,0.9205
2019,smartthings-hub,fw-update2.smartthings.com,firmware update,TLS 1.2,1964,0.9168
2019,smartthings-hub,fw-update2.smartthings.com,firmware update,TLS 1.2,1964,0.9166
2019,smartthings-hub,fw-update2.smartthings.com,firmware update,TLS 1.2,1964,0.9162
2019,smartthings-hub,fw-update2.smartthings.com,firmware update,TLS 1.2,1964,0.9228
2019,smartthings-hub,fw-update2.smartthings.com,firmware update,TLS 1.2,1964,0.9191
2019,smartthings-hub,fw-update2.smartthings.com,firmware update,TLS 1.2,1964,0.9203
2019,smartthings-hub,fw-update2.smartthings.com,firmware update,TLS 1.2,1964,0.9157
2019,smartthings-hub,fw-update2.smartthings.com,firmware update,TLS 1.2,1964,0.9193
2019,smartthings-hub,fw-update2.smartthings.com,firmware update,TLS 1.2,1964,0.9189
2019,smartthings-hub,fw-update2.smartthings.com,firmware update,TLS 1.2,1964,0.917
2019,smartthings-hub,fw-update2.smartthings.com,firmware update,TLS 1.2,1964,0.9202
2019,smartthings-hub,fw-update2.smartthings.com,firmware update,TLS 1.2,1964,0.919
2019,smartthings-hub,fw-update2.smartthings.com,firmware update,TLS 1.2,1964,0.9211
2019,smartthings-hub,fw-update2.smartthings.com,firmware update,TLS 1.2,1964,0.9231
2019,smartthings-hub,fw-update2.smartthings.com,firmware update,TLS 1.2,1964,0.9194
2019,smartthings-hub,fw-update2.smartthings.com,firmware update,TLS 1.2,1964,0.9186
2019,smartthings-hub,fw-update2.smartthings.com,firmware update,TLS 1.2,1964,0.9208
2019,smartthings-hub,fw-update2.smartthings.com,firmware update,TLS 1.2,1964,0.9199
2019,smartthings-hub,fw-update2.smartthings.com,firmware update,TLS 1.2,1964,0.9215
2019,smartthings-hub,fw-update2.smartthings.com,firmware update,TLS 1.2,1964,0.9191
2019,smartthings-hub,fw-update2.smartthings.com,firmware update,TLS 1.2,1964,0.9152
2019,smartthings-hub,fw-update2.smartthings.com,firmware update,TLS 1.2,1964,0.917
2019,smartthings-hub,fw-update2.smartthings.com,firmware update,TLS 1.2,1964,0.9208
2019,smartthings-hub,fw-update2.smartthings.com,firmware update,TLS 1.2,1964,0.9194
2019,wink-hub2,hub-updates.winkapp.com,hub update,TLS 1.2,5223,0.9475
2019,wink-hub2,hub-updates.winkapp.com,hub update,TLS 1.2,5223,0.9462
2019,wink-hub2,hub-updates.winkapp.com,hub update,TLS 1.2,5223,0.9459
2019,allure-speaker,awsota.linkplay.com,OTA,TLS 1.2,9970,0.9735
2019,allure-speaker,awsota.linkplay.com,OTA,TLS 1.2,8150,0.9661
2019,allure-speaker,awsota.linkplay.com,OTA,TLS 1.2,6795,0.9521
2019,allure-speaker,awsota.linkplay.com,OTA,TLS 1.2,7353,0.9601
2019,allure-speaker,awsota.linkplay.com,OTA,TLS 1.2,8334,0.9656
2019,allure-speaker,awsota.linkplay.com,OTA,TLS 1.2,6141,0.9454
2019,allure-speaker,awsota.linkplay.com,OTA,TLS 1.2,8079,0.9625
2019,allure-speaker,awsota.linkplay.com,OTA,TLS 1.2,9400,0.9653
2019,allure-speaker,awsota.linkplay.com,OTA,TLS 1.2,6383,0.9479
2019,appletv,mesu.apple.com,update catalog,TLS 1.2,3711,0.9229
2019,appletv,mesu.apple.com,update catalog,TLS 1.2,3702,0.9219
2019,appletv,mesu.apple.com,update catalog,TLS 1.2,3703,0.9249
2019,appletv,mesu.apple.com,update catalog,TLS 1.2,3703,0.924
2019,appletv,mesu.apple.com,update catalog,TLS 1.2,3741,0.9242
2019,appletv,mesu.apple.com,update catalog,TLS 1.2,3851,0.9287
2019,appletv,mesu.apple.com,update catalog,TLS 1.2,20989,0.9958
2019,appletv,updates-http.cdn-apple.com,asset download asset,"HTTP, image or asset",1176610,0.9998
2019,appletv,updates-http.cdn-apple.com,asset download asset,"HTTP, image or asset",643142,0.9996
2019,appletv,updates-http.cdn-apple.com,asset download asset,"HTTP, image or asset",609488,0.9995
2019,appletv,mesu.apple.com,update catalog,TLS 1.2,3734,0.9246
2019,appletv,updates-http.cdn-apple.com,asset download asset,"HTTP, image or asset",127296,0.9993
2019,appletv,updates-http.cdn-apple.com,asset download asset,"HTTP, image or asset",117235,0.9991
2019,appletv,updates-http.cdn-apple.com,asset download asset,"HTTP, image or asset",82473,0.999
2019,appletv,mesu.apple.com,update catalog,TLS 1.2,3711,0.9249
2019,appletv,mesu.apple.com,update catalog,TLS 1.2,3762,0.927
2019,appletv,mesu.apple.com,update catalog,TLS 1.2,3712,0.9225
2019,appletv,mesu.apple.com,update catalog,TLS 1.2,3711,0.9233
2019,appletv,mesu.apple.com,update catalog,TLS 1.2,3704,0.9249
2019,appletv,mesu.apple.com,update catalog,TLS 1.2,3703,0.9228
2019,echodot,softwareupdates.amazon.com,update check,TLS 1.2,5916,0.9453
2019,echoplus,softwareupdates.amazon.com,update check,TLS 1.2,5886,0.9464
2019,firetv,softwareupdates.amazon.com,update check,TLS 1.2,5886,0.9473
2019,smartthings-hub,fw-update2.smartthings.com,firmware update,TLS 1.2,1964,0.921
2019,smartthings-hub,fw-update2.smartthings.com,firmware update,TLS 1.2,1964,0.9179
2019,smartthings-hub,fw-update2.smartthings.com,firmware update,TLS 1.2,1964,0.9191
2019,smartthings-hub,fw-update2.smartthings.com,firmware update,TLS 1.2,1964,0.9204
2019,smartthings-hub,fw-update2.smartthings.com,firmware update,TLS 1.2,1964,0.9177
2019,smartthings-hub,fw-update2.smartthings.com,firmware update,TLS 1.2,1964,0.9191
2019,smartthings-hub,fw-update2.smartthings.com,firmware update,TLS 1.2,1964,0.918
2019,smartthings-hub,fw-update2.smartthings.com,firmware update,TLS 1.2,1964,0.9206
2019,smartthings-hub,fw-update2.smartthings.com,firmware update,TLS 1.2,1964,0.9207
2019,smartthings-hub,fw-update2.smartthings.com,firmware update,TLS 1.2,1964,0.9152
2019,smartthings-hub,fw-update2.smartthings.com,firmware update,TLS 1.2,1964,0.9191
2019,smartthings-hub,fw-update2.smartthings.com,firmware update,TLS 1.2,1964,0.9206
2019,smartthings-hub,fw-update2.smartthings.com,firmware update,TLS 1.2,1964,0.9227
2019,smartthings-hub,fw-update2.smartthings.com,firmware update,TLS 1.2,1964,0.9156
2019,smartthings-hub,fw-update2.smartthings.com,firmware update,TLS 1.2,1964,0.9176
2019,smartthings-hub,fw-update2.smartthings.com,firmware update,TLS 1.2,1964,0.9217
2019,smartthings-hub,fw-update2.smartthings.com,firmware update,TLS 1.2,1964,0.9164
2019,smartthings-hub,fw-update2.smartthings.com,firmware update,TLS 1.2,1964,0.9173
2019,smartthings-hub,fw-update2.smartthings.com,firmware update,TLS 1.2,1964,0.9208
2019,smartthings-hub,fw-update2.smartthings.com,firmware update,TLS 1.2,1964,0.9227
2019,smartthings-hub,fw-update2.smartthings.com,firmware update,TLS 1.2,1964,0.918
2019,smartthings-hub,fw-update2.smartthings.com,firmware update,TLS 1.2,1964,0.9202
2019,smartthings-hub,fw-update2.smartthings.com,firmware update,TLS 1.2,1964,0.9186
2019,smartthings-hub,fw-update2.smartthings.com,firmware update,TLS 1.2,1964,0.9215
2019,smartthings-hub,fw-update2.smartthings.com,firmware update,TLS 1.2,1964,0.9163
2019,smartthings-hub,fw-update2.smartthings.com,firmware update,TLS 1.2,1964,0.9182
2019,smartthings-hub,fw-update2.smartthings.com,firmware update,TLS 1.2,1964,0.9189
2019,smartthings-hub,fw-update2.smartthings.com,firmware update,TLS 1.2,1964,0.9175
2019,smartthings-hub,fw-update2.smartthings.com,firmware update,TLS 1.2,1964,0.9207
2019,smartthings-hub,fw-update2.smartthings.com,firmware update,TLS 1.2,1964,0.9204
2019,smartthings-hub,fw-update2.smartthings.com,firmware update,TLS 1.2,1964,0.921
2019,smartthings-hub,fw-update2.smartthings.com,firmware update,TLS 1.2,1964,0.9168
2019,smartthings-hub,fw-update2.smartthings.com,firmware update,TLS 1.2,1964,0.9208
2019,smartthings-hub,fw-update2.smartthings.com,firmware update,TLS 1.2,1964,0.9177
2019,smartthings-hub,fw-update2.smartthings.com,firmware update,TLS 1.2,1964,0.9166
2019,smartthings-hub,fw-update2.smartthings.com,firmware update,TLS 1.2,1964,0.919
2019,smartthings-hub,fw-update2.smartthings.com,firmware update,TLS 1.2,1964,0.9186
2019,smartthings-hub,fw-update2.smartthings.com,firmware update,TLS 1.2,1964,0.9167
2019,smartthings-hub,fw-update2.smartthings.com,firmware update,TLS 1.2,1964,0.9179
2019,smartthings-hub,fw-update2.smartthings.com,firmware update,TLS 1.2,1964,0.9193
2019,smartthings-hub,fw-update2.smartthings.com,firmware update,TLS 1.2,1964,0.9173
2019,smartthings-hub,fw-update2.smartthings.com,firmware update,TLS 1.2,1964,0.9185
2019,smartthings-hub,fw-update2.smartthings.com,firmware update,TLS 1.2,1964,0.9171
2019,smartthings-hub,fw-update2.smartthings.com,firmware update,TLS 1.2,1964,0.9166
2019,smartthings-hub,fw-update2.smartthings.com,firmware update,TLS 1.2,1964,0.9179
2019,smartthings-hub,fw-update2.smartthings.com,firmware update,TLS 1.2,1964,0.9211
2019,smartthings-hub,fw-update2.smartthings.com,firmware update,TLS 1.2,1964,0.9167
2019,smartthings-hub,fw-update2.smartthings.com,firmware update,TLS 1.2,2323,0.9272
2019,smartthings-hub,fw-update2.smartthings.com,firmware update,TLS 1.2,1964,0.917
2019,smartthings-hub,fw-update2.smartthings.com,firmware update,TLS 1.2,1964,0.92
2019,smartthings-hub,fw-update2.smartthings.com,firmware update,TLS 1.2,1964,0.9226
2019,smartthings-hub,fw-update2.smartthings.com,firmware update,TLS 1.2,1964,0.922
2019,smartthings-hub,fw-update2.smartthings.com,firmware update,TLS 1.2,1964,0.92
2019,smartthings-hub,fw-update2.smartthings.com,firmware update,TLS 1.2,1964,0.92
2019,smartthings-hub,fw-update2.smartthings.com,firmware update,TLS 1.2,1964,0.9217
2019,smartthings-hub,fw-update2.smartthings.com,firmware update,TLS 1.2,1964,0.9186
2019,smartthings-hub,fw-update2.smartthings.com,firmware update,TLS 1.2,1964,0.9167
2019,smartthings-hub,fw-update2.smartthings.com,firmware update,TLS 1.2,1964,0.9167
2019,smartthings-hub,fw-update2.smartthings.com,firmware update,TLS 1.2,1964,0.9188
2019,smartthings-hub,fw-update2.smartthings.com,firmware update,TLS 1.2,1964,0.921
2019,smartthings-hub,fw-update2.smartthings.com,firmware update,TLS 1.2,1964,0.9185
2019,smartthings-hub,fw-update2.smartthings.com,firmware update,TLS 1.2,1964,0.9197
2019,smartthings-hub,fw-update2.smartthings.com,firmware update,TLS 1.2,1964,0.9212
2019,smartthings-hub,fw-update2.smartthings.com,firmware update,TLS 1.2,1964,0.9187
2019,smartthings-hub,fw-update2.smartthings.com,firmware update,TLS 1.2,1964,0.9206
2019,smartthings-hub,fw-update2.smartthings.com,firmware update,TLS 1.2,1964,0.9186
2019,smartthings-hub,fw-update2.smartthings.com,firmware update,TLS 1.2,1964,0.9206
2019,smartthings-hub,fw-update2.smartthings.com,firmware update,TLS 1.2,1964,0.9192
2019,smartthings-hub,fw-update2.smartthings.com,firmware update,TLS 1.2,1964,0.9206
2019,smartthings-hub,fw-update2.smartthings.com,firmware update,TLS 1.2,1964,0.9187
2019,smartthings-hub,fw-update2.smartthings.com,firmware update,TLS 1.2,1964,0.9179
2019,smartthings-hub,fw-update2.smartthings.com,firmware update,TLS 1.2,1964,0.9175
2019,smartthings-hub,fw-update2.smartthings.com,firmware update,TLS 1.2,1964,0.9138
2019,smartthings-hub,fw-update2.smartthings.com,firmware update,TLS 1.2,1964,0.9187
2019,smartthings-hub,fw-update2.smartthings.com,firmware update,TLS 1.2,1964,0.9208
2019,smartthings-hub,fw-update2.smartthings.com,firmware update,TLS 1.2,1964,0.9229
2019,smartthings-hub,fw-update2.smartthings.com,firmware update,TLS 1.2,1964,0.9182
2019,smartthings-hub,fw-update2.smartthings.com,firmware update,TLS 1.2,1964,0.9189
2019,smartthings-hub,fw-update2.smartthings.com,firmware update,TLS 1.2,1964,0.9199
2019,smartthings-hub,fw-update2.smartthings.com,firmware update,TLS 1.2,1964,0.9175
2019,smartthings-hub,fw-update2.smartthings.com,firmware update,TLS 1.2,1964,0.9187
2019,smartthings-hub,fw-update2.smartthings.com,firmware update,TLS 1.2,1964,0.9173
2019,smartthings-hub,fw-update2.smartthings.com,firmware update,TLS 1.2,1964,0.9189
2019,smartthings-hub,fw-update2.smartthings.com,firmware update,TLS 1.2,1964,0.9172
2019,smartthings-hub,fw-update2.smartthings.com,firmware update,TLS 1.2,1964,0.9182
2019,smartthings-hub,fw-update2.smartthings.com,firmware update,TLS 1.2,1964,0.9204
2019,smartthings-hub,fw-update2.smartthings.com,firmware update,TLS 1.2,1964,0.9188
2019,smartthings-hub,fw-update2.smartthings.com,firmware update,TLS 1.2,1964,0.9202
2019,smartthings-hub,fw-update2.smartthings.com,firmware update,TLS 1.2,1964,0.9189
2019,smartthings-hub,fw-update2.smartthings.com,firmware update,TLS 1.2,1964,0.9202
2019,smartthings-hub,fw-update2.smartthings.com,firmware update,TLS 1.2,1964,0.9177
2019,smartthings-hub,fw-update2.smartthings.com,firmware update,TLS 1.2,1964,0.9192
2019,smartthings-hub,fw-update2.smartthings.com,firmware update,TLS 1.2,1964,0.9168
2019,smartthings-hub,fw-update2.smartthings.com,firmware update,TLS 1.2,1964,0.92
2019,smartthings-hub,fw-update2.smartthings.com,firmware update,TLS 1.2,2323,0.9266
2019,smartthings-hub,fw-update2.smartthings.com,firmware update,TLS 1.2,1964,0.9213
2019,smartthings-hub,fw-update2.smartthings.com,firmware update,TLS 1.2,1964,0.9199
2019,smartthings-hub,fw-update2.smartthings.com,firmware update,TLS 1.2,1964,0.9164
2019,smartthings-hub,fw-update2.smartthings.com,firmware update,TLS 1.2,1964,0.9176
2019,smartthings-hub,fw-update2.smartthings.com,firmware update,TLS 1.2,1964,0.9211
2019,smartthings-hub,fw-update2.smartthings.com,firmware update,TLS 1.2,1964,0.9185
2019,smartthings-hub,fw-update2.smartthings.com,firmware update,TLS 1.2,1964,0.9217
2019,smartthings-hub,fw-update2.smartthings.com,firmware update,TLS 1.2,1964,0.9174
2019,smartthings-hub,fw-update2.smartthings.com,firmware update,TLS 1.2,2323,0.9284
2019,smartthings-hub,fw-update2.smartthings.com,firmware update,TLS 1.2,1964,0.9213
2019,smartthings-hub,fw-update2.smartthings.com,firmware update,TLS 1.2,1964,0.9184
2019,smartthings-hub,fw-update2.smartthings.com,firmware update,TLS 1.2,1964,0.9183
2019,smartthings-hub,fw-update2.smartthings.com,firmware update,TLS 1.2,1964,0.9191
2019,smartthings-hub,fw-update2.smartthings.com,firmware update,TLS 1.2,1964,0.9217
2019,smartthings-hub,fw-update2.smartthings.com,firmware update,TLS 1.2,1964,0.9178
2019,smartthings-hub,fw-update2.smartthings.com,firmware update,TLS 1.2,1964,0.9192
2019,smartthings-hub,fw-update2.smartthings.com,firmware update,TLS 1.2,1964,0.9189
2019,smartthings-hub,fw-update2.smartthings.com,firmware update,TLS 1.2,1964,0.9173
2019,smartthings-hub,fw-update2.smartthings.com,firmware update,TLS 1.2,1964,0.9222
2019,smartthings-hub,fw-update2.smartthings.com,firmware update,TLS 1.2,1964,0.9196
2019,smartthings-hub,fw-update2.smartthings.com,firmware update,TLS 1.2,1964,0.9202
2019,smartthings-hub,fw-update2.smartthings.com,firmware update,TLS 1.2,1964,0.9185
2019,smartthings-hub,fw-update2.smartthings.com,firmware update,TLS 1.2,1964,0.9202
2019,smartthings-hub,fw-update2.smartthings.com,firmware update,TLS 1.2,1964,0.9192
2019,smartthings-hub,fw-update2.smartthings.com,firmware update,TLS 1.2,1964,0.9175
2019,smartthings-hub,fw-update2.smartthings.com,firmware update,TLS 1.2,1964,0.9196
2019,smartthings-hub,fw-update2.smartthings.com,firmware update,TLS 1.2,1964,0.921
2019,smartthings-hub,fw-update2.smartthings.com,firmware update,TLS 1.2,1964,0.9192
2019,smartthings-hub,fw-update2.smartthings.com,firmware update,TLS 1.2,1964,0.9184
2019,smartthings-hub,fw-update2.smartthings.com,firmware update,TLS 1.2,1964,0.9209
2019,smartthings-hub,fw-update2.smartthings.com,firmware update,TLS 1.2,1964,0.9195
2019,smartthings-hub,fw-update2.smartthings.com,firmware update,TLS 1.2,1964,0.915
2019,smartthings-hub,fw-update2.smartthings.com,firmware update,TLS 1.2,1964,0.9203
2019,smartthings-hub,fw-update2.smartthings.com,firmware update,TLS 1.2,1964,0.9213
2019,smartthings-hub,fw-update2.smartthings.com,firmware update,TLS 1.2,1964,0.9196
2019,smartthings-hub,fw-update2.smartthings.com,firmware update,TLS 1.2,1964,0.9212
2019,smartthings-hub,fw-update2.smartthings.com,firmware update,TLS 1.2,1964,0.9179
2019,smartthings-hub,fw-update2.smartthings.com,firmware update,TLS 1.2,1964,0.9205
2019,smartthings-hub,fw-update2.smartthings.com,firmware update,TLS 1.2,1964,0.9214
2019,smartthings-hub,fw-update2.smartthings.com,firmware update,TLS 1.2,1964,0.9187
2019,smartthings-hub,fw-update2.smartthings.com,firmware update,TLS 1.2,1964,0.9194
2019,smartthings-hub,fw-update2.smartthings.com,firmware update,TLS 1.2,1964,0.9177
2019,smartthings-hub,fw-update2.smartthings.com,firmware update,TLS 1.2,1964,0.919
2019,smartthings-hub,fw-update2.smartthings.com,firmware update,TLS 1.2,1964,0.921
2019,smartthings-hub,fw-update2.smartthings.com,firmware update,TLS 1.2,1964,0.9175
2019,smartthings-hub,fw-update2.smartthings.com,firmware update,TLS 1.2,1964,0.9178
2019,smartthings-hub,fw-update2.smartthings.com,firmware update,TLS 1.2,1964,0.9183
2019,smartthings-hub,fw-update2.smartthings.com,firmware update,TLS 1.2,1964,0.9205
2019,smartthings-hub,fw-update2.smartthings.com,firmware update,TLS 1.2,1964,0.9173
2019,smartthings-hub,fw-update2.smartthings.com,firmware update,TLS 1.2,1964,0.9213
2019,smartthings-hub,fw-update2.smartthings.com,firmware update,TLS 1.2,1964,0.9198
2019,smartthings-hub,fw-update2.smartthings.com,firmware update,TLS 1.2,1964,0.9192
2019,smartthings-hub,fw-update2.smartthings.com,firmware update,TLS 1.2,1964,0.9221
2019,smartthings-hub,fw-update2.smartthings.com,firmware update,TLS 1.2,1964,0.9194
2019,smartthings-hub,fw-update2.smartthings.com,firmware update,TLS 1.2,1964,0.9189
2019,smartthings-hub,fw-update2.smartthings.com,firmware update,TLS 1.2,1964,0.9192
2019,smartthings-hub,fw-update2.smartthings.com,firmware update,TLS 1.2,1964,0.9186
2019,smartthings-hub,fw-update2.smartthings.com,firmware update,TLS 1.2,1964,0.9204
2019,smartthings-hub,fw-update2.smartthings.com,firmware update,TLS 1.2,1964,0.9193
2019,smartthings-hub,fw-update2.smartthings.com,firmware update,TLS 1.2,1964,0.9189
2019,smartthings-hub,fw-update2.smartthings.com,firmware update,TLS 1.2,1964,0.9192
2019,smartthings-hub,fw-update2.smartthings.com,firmware update,TLS 1.2,1964,0.9143
2019,smartthings-hub,fw-update2.smartthings.com,firmware update,TLS 1.2,1964,0.9146
2019,smartthings-hub,fw-update2.smartthings.com,firmware update,TLS 1.2,1964,0.9188
2019,smartthings-hub,fw-update2.smartthings.com,firmware update,TLS 1.2,1964,0.9207
2019,smartthings-hub,fw-update2.smartthings.com,firmware update,TLS 1.2,1964,0.9217
2019,smartthings-hub,fw-update2.smartthings.com,firmware update,TLS 1.2,1964,0.9161
2019,smartthings-hub,fw-update2.smartthings.com,firmware update,TLS 1.2,1964,0.9193
2019,smartthings-hub,fw-update2.smartthings.com,firmware update,TLS 1.2,1964,0.9183
2019,smartthings-hub,fw-update2.smartthings.com,firmware update,TLS 1.2,1964,0.9213
2019,smartthings-hub,fw-update2.smartthings.com,firmware update,TLS 1.2,1964,0.9182
2019,smartthings-hub,fw-update2.smartthings.com,firmware update,TLS 1.2,1964,0.9173
2019,smartthings-hub,fw-update2.smartthings.com,firmware update,TLS 1.2,1964,0.9186
2019,smartthings-hub,fw-update2.smartthings.com,firmware update,TLS 1.2,1964,0.9187
2019,smartthings-hub,fw-update2.smartthings.com,firmware update,TLS 1.2,1964,0.9172
2019,smartthings-hub,fw-update2.smartthings.com,firmware update,TLS 1.2,1964,0.9191
2019,smartthings-hub,fw-update2.smartthings.com,firmware update,TLS 1.2,1964,0.923
2019,smartthings-hub,fw-update2.smartthings.com,firmware update,TLS 1.2,1964,0.9192
2019,smartthings-hub,fw-update2.smartthings.com,firmware update,TLS 1.2,1964,0.9187
2019,smartthings-hub,fw-update2.smartthings.com,firmware update,TLS 1.2,1964,0.9196
2019,smartthings-hub,fw-update2.smartthings.com,firmware update,TLS 1.2,1964,0.9201
2019,smartthings-hub,fw-update2.smartthings.com,firmware update,TLS 1.2,1964,0.9208
2019,smartthings-hub,fw-update2.smartthings.com,firmware update,TLS 1.2,1964,0.9206
2019,smartthings-hub,fw-update2.smartthings.com,firmware update,TLS 1.2,1964,0.9177
2019,smartthings-hub,fw-update2.smartthings.com,firmware update,TLS 1.2,1964,0.9183
2019,smartthings-hub,fw-update2.smartthings.com,firmware update,TLS 1.2,1964,0.9209
2019,smartthings-hub,fw-update2.smartthings.com,firmware update,TLS 1.2,1964,0.9182
2019,smartthings-hub,fw-update2.smartthings.com,firmware update,TLS 1.2,1964,0.9186
2019,smartthings-hub,fw-update2.smartthings.com,firmware update,TLS 1.2,1964,0.9199
2019,smartthings-hub,fw-update2.smartthings.com,firmware update,TLS 1.2,1964,0.9204
2019,smartthings-hub,fw-update2.smartthings.com,firmware update,TLS 1.2,1964,0.9208
2019,smartthings-hub,fw-update2.smartthings.com,firmware update,TLS 1.2,1964,0.9176
2019,smartthings-hub,fw-update2.smartthings.com,firmware update,TLS 1.2,1964,0.9228
2019,smartthings-hub,fw-update2.smartthings.com,firmware update,TLS 1.2,1964,0.9187
2019,smartthings-hub,fw-update2.smartthings.com,firmware update,TLS 1.2,1964,0.9173
2019,smartthings-hub,fw-update2.smartthings.com,firmware update,TLS 1.2,1964,0.9201
2019,smartthings-hub,fw-update2.smartthings.com,firmware update,TLS 1.2,1964,0.9201
2019,smartthings-hub,fw-update2.smartthings.com,firmware update,TLS 1.2,1964,0.9189
2019,smartthings-hub,fw-update2.smartthings.com,firmware update,TLS 1.2,1964,0.9195
2019,smartthings-hub,fw-update2.smartthings.com,firmware update,TLS 1.2,1964,0.9189
2019,smartthings-hub,fw-update2.smartthings.com,firmware update,TLS 1.2,1964,0.917
2019,smartthings-hub,fw-update2.smartthings.com,firmware update,TLS 1.2,1964,0.9199
2019,smartthings-hub,fw-update2.smartthings.com,firmware update,TLS 1.2,1964,0.92
2019,smartthings-hub,fw-update2.smartthings.com,firmware update,TLS 1.2,1964,0.9232
2019,smartthings-hub,fw-update2.smartthings.com,firmware update,TLS 1.2,1964,0.9176
2019,smartthings-hub,fw-update2.smartthings.com,firmware update,TLS 1.2,1964,0.9164
2019,smartthings-hub,fw-update2.smartthings.com,firmware update,TLS 1.2,1964,0.917
2019,smartthings-hub,fw-update2.smartthings.com,firmware update,TLS 1.2,1964,0.9182
2019,smartthings-hub,fw-update2.smartthings.com,firmware update,TLS 1.2,1964,0.9191
2019,smartthings-hub,fw-update2.smartthings.com,firmware update,TLS 1.2,1964,0.9196
2019,smartthings-hub,fw-update2.smartthings.com,firmware update,TLS 1.2,1964,0.9208
2019,smartthings-hub,fw-update2.smartthings.com,firmware update,TLS 1.2,1964,0.9199
2019,smartthings-hub,fw-update2.smartthings.com,firmware update,TLS 1.2,1964,0.9173
2019,smartthings-hub,fw-update2.smartthings.com,firmware update,TLS 1.2,1964,0.917
2019,smartthings-hub,fw-update2.smartthings.com,firmware update,TLS 1.2,1964,0.9186
2019,smartthings-hub,fw-update2.smartthings.com,firmware update,TLS 1.2,1964,0.9201
2019,smartthings-hub,fw-update2.smartthings.com,firmware update,TLS 1.2,1964,0.9199
2019,smartthings-hub,fw-update2.smartthings.com,firmware update,TLS 1.2,1964,0.9175
2019,smartthings-hub,fw-update2.smartthings.com,firmware update,TLS 1.2,1964,0.92
2019,smartthings-hub,fw-update2.smartthings.com,firmware update,TLS 1.2,1964,0.9184
2019,smartthings-hub,fw-update2.smartthings.com,firmware update,TLS 1.2,1964,0.9213
2019,smartthings-hub,fw-update2.smartthings.com,firmware update,TLS 1.2,1964,0.9179
2019,smartthings-hub,fw-update2.smartthings.com,firmware update,TLS 1.2,1964,0.9203
2019,smartthings-hub,fw-update2.smartthings.com,firmware update,TLS 1.2,1964,0.9205
2019,smartthings-hub,fw-update2.smartthings.com,firmware update,TLS 1.2,1964,0.9159
2019,smartthings-hub,fw-update2.smartthings.com,firmware update,TLS 1.2,1964,0.9215
2019,smartthings-hub,fw-update2.smartthings.com,firmware update,TLS 1.2,1964,0.9196
2019,smartthings-hub,fw-update2.smartthings.com,firmware update,TLS 1.2,1964,0.9193
2019,smartthings-hub,fw-update2.smartthings.com,firmware update,TLS 1.2,1964,0.919
2019,smartthings-hub,fw-update2.smartthings.com,firmware update,TLS 1.2,1964,0.9188
2019,smartthings-hub,fw-update2.smartthings.com,firmware update,TLS 1.2,1964,0.9226
2019,smartthings-hub,fw-update2.smartthings.com,firmware update,TLS 1.2,1964,0.9204
2019,smartthings-hub,fw-update2.smartthings.com,firmware update,TLS 1.2,1964,0.9184
2019,smartthings-hub,fw-update2.smartthings.com,firmware update,TLS 1.2,1964,0.9181
2019,smartthings-hub,fw-update2.smartthings.com,firmware update,TLS 1.2,1964,0.9226
2019,smartthings-hub,fw-update2.smartthings.com,firmware update,TLS 1.2,1964,0.9171
2019,smartthings-hub,fw-update2.smartthings.com,firmware update,TLS 1.2,1964,0.9176
2019,smartthings-hub,fw-update2.smartthings.com,firmware update,TLS 1.2,1964,0.9197
2019,smartthings-hub,fw-update2.smartthings.com,firmware update,TLS 1.2,1964,0.9191
2019,smartthings-hub,fw-update2.smartthings.com,firmware update,TLS 1.2,1964,0.9218
2019,smartthings-hub,fw-update2.smartthings.com,firmware update,TLS 1.2,1964,0.9181
2019,smartthings-hub,fw-update2.smartthings.com,firmware update,TLS 1.2,1964,0.9179
2019,smartthings-hub,fw-update2.smartthings.com,firmware update,TLS 1.2,1964,0.9172
2019,smartthings-hub,fw-update2.smartthings.com,firmware update,TLS 1.2,1964,0.9191
2019,smartthings-hub,fw-update2.smartthings.com,firmware update,TLS 1.2,1964,0.9166
2019,smartthings-hub,fw-update2.smartthings.com,firmware update,TLS 1.2,1964,0.9189
2019,smartthings-hub,fw-update2.smartthings.com,firmware update,TLS 1.2,1964,0.9201
2019,smartthings-hub,fw-update2.smartthings.com,firmware update,TLS 1.2,1964,0.9203
2019,smartthings-hub,fw-update2.smartthings.com,firmware update,TLS 1.2,1964,0.9172
2019,smartthings-hub,fw-update2.smartthings.com,firmware update,TLS 1.2,1964,0.9196
2019,smartthings-hub,fw-update2.smartthings.com,firmware update,TLS 1.2,1964,0.9171
2019,smartthings-hub,fw-update2.smartthings.com,firmware update,TLS 1.2,1964,0.9209
2019,smartthings-hub,fw-update2.smartthings.com,firmware update,TLS 1.2,1964,0.9203
2019,smartthings-hub,fw-update2.smartthings.com,firmware update,TLS 1.2,1964,0.9185
2019,smartthings-hub,fw-update2.smartthings.com,firmware update,TLS 1.2,1964,0.9212
2019,smartthings-hub,fw-update2.smartthings.com,firmware update,TLS 1.2,1964,0.9223
2019,smartthings-hub,fw-update2.smartthings.com,firmware update,TLS 1.2,1964,0.9148
2019,smartthings-hub,fw-update2.smartthings.com,firmware update,TLS 1.2,1964,0.9185
2019,smartthings-hub,fw-update2.smartthings.com,firmware update,TLS 1.2,1964,0.9181
2019,smartthings-hub,fw-update2.smartthings.com,firmware update,TLS 1.2,1964,0.9201
2019,smartthings-hub,fw-update2.smartthings.com,firmware update,TLS 1.2,1964,0.9159
2019,smartthings-hub,fw-update2.smartthings.com,firmware update,TLS 1.2,1964,0.9171
2019,smartthings-hub,fw-update2.smartthings.com,firmware update,TLS 1.2,1964,0.92
2019,smartthings-hub,fw-update2.smartthings.com,firmware update,TLS 1.2,1964,0.9183
2019,smartthings-hub,fw-update2.smartthings.com,firmware update,TLS 1.2,1964,0.9175
2019,smartthings-hub,fw-update2.smartthings.com,firmware update,TLS 1.2,1964,0.9201
2019,smartthings-hub,fw-update2.smartthings.com,firmware update,TLS 1.2,1964,0.9176
2019,smartthings-hub,fw-update2.smartthings.com,firmware update,TLS 1.2,1964,0.919
2019,smartthings-hub,fw-update2.smartthings.com,firmware update,TLS 1.2,1964,0.9212
2019,smartthings-hub,fw-update2.smartthings.com,firmware update,TLS 1.2,1964,0.9158
2019,smartthings-hub,fw-update2.smartthings.com,firmware update,TLS 1.2,1964,0.9223
2019,smartthings-hub,fw-update2.smartthings.com,firmware update,TLS 1.2,1964,0.9201
2019,smartthings-hub,fw-update2.smartthings.com,firmware update,TLS 1.2,1964,0.921
2019,smartthings-hub,fw-update2.smartthings.com,firmware update,TLS 1.2,1964,0.9216
2019,smartthings-hub,fw-update2.smartthings.com,firmware update,TLS 1.2,1964,0.9213
2019,smartthings-hub,fw-update2.smartthings.com,firmware update,TLS 1.2,1964,0.9194
2019,smartthings-hub,fw-update2.smartthings.com,firmware update,TLS 1.2,1964,0.9177
2019,smartthings-hub,fw-update2.smartthings.com,firmware update,TLS 1.2,1964,0.9205
2019,smartthings-hub,fw-update2.smartthings.com,firmware update,TLS 1.2,1964,0.921
2019,smartthings-hub,fw-update2.smartthings.com,firmware update,TLS 1.2,1964,0.9197
2019,smartthings-hub,fw-update2.smartthings.com,firmware update,TLS 1.2,1964,0.9183
2019,smartthings-hub,fw-update2.smartthings.com,firmware update,TLS 1.2,1964,0.9178
2019,smartthings-hub,fw-update2.smartthings.com,firmware update,TLS 1.2,1964,0.9208
2019,smartthings-hub,fw-update2.smartthings.com,firmware update,TLS 1.2,1964,0.9183
2019,smartthings-hub,fw-update2.smartthings.com,firmware update,TLS 1.2,1964,0.9215
2019,smartthings-hub,fw-update2.smartthings.com,firmware update,TLS 1.2,1964,0.9197
2019,smartthings-hub,fw-update2.smartthings.com,firmware update,TLS 1.2,1964,0.9177
2019,smartthings-hub,fw-update2.smartthings.com,firmware update,TLS 1.2,1964,0.9191
2019,smartthings-hub,fw-update2.smartthings.com,firmware update,TLS 1.2,1964,0.9203
2019,smartthings-hub,fw-update2.smartthings.com,firmware update,TLS 1.2,1964,0.9215
2019,allure-speaker,awsota.linkplay.com,OTA,TLS 1.2,7353,0.9604
2019,allure-speaker,awsota.linkplay.com,OTA,TLS 1.2,8150,0.9659
2019,allure-speaker,awsota.linkplay.com,OTA,TLS 1.2,6170,0.9463
2019,allure-speaker,awsota.linkplay.com,OTA,TLS 1.2,8254,0.9615
2019,allure-speaker,awsota.linkplay.com,OTA,TLS 1.2,8121,0.9662
2019,allure-speaker,awsota.linkplay.com,OTA,TLS 1.2,6170,0.9461
2019,allure-speaker,awsota.linkplay.com,OTA,TLS 1.2,7353,0.9588
2019,allure-speaker,awsota.linkplay.com,OTA,TLS 1.2,8092,0.9665
2019,allure-speaker,awsota.linkplay.com,OTA,TLS 1.2,6638,0.9482
2019,appletv,mesu.apple.com,update catalog,TLS 1.2,3734,0.9228
2019,appletv,mesu.apple.com,update catalog,TLS 1.2,3742,0.9239
2019,appletv,mesu.apple.com,update catalog,TLS 1.2,3742,0.9238
2019,appletv,mesu.apple.com,update catalog,TLS 1.2,4076,0.936
2019,appletv,mesu.apple.com,update catalog,TLS 1.2,3378,0.912
2019,appletv,mesu.apple.com,update catalog,TLS 1.2,4076,0.9345
2019,appletv,mesu.apple.com,update catalog,TLS 1.2,4160,0.9367
2019,appletv,mesu.apple.com,update catalog,TLS 1.2,16825,0.9916
2019,appletv,mesu.apple.com,update catalog,TLS 1.2,3740,0.9237
2019,appletv,mesu.apple.com,update catalog,TLS 1.2,3741,0.9258
2019,appletv,mesu.apple.com,update catalog,TLS 1.2,3733,0.9266
2019,appletv,mesu.apple.com,update catalog,TLS 1.2,869,0.9612
2019,appletv,mesu.apple.com,update catalog,TLS 1.2,3379,0.9131
2019,appletv,mesu.apple.com,update catalog,TLS 1.2,3740,0.925
2019,appletv,mesu.apple.com,update catalog,TLS 1.2,3801,0.926
2019,appletv,mesu.apple.com,update catalog,TLS 1.2,3727,0.925
2019,appletv,mesu.apple.com,update catalog,TLS 1.2,3734,0.9239
2019,appletv,mesu.apple.com,update catalog,TLS 1.2,3720,0.9242
2019,appletv,mesu.apple.com,update catalog,TLS 1.2,3743,0.9233
2019,echodot,softwareupdates.amazon.com,update check,TLS 1.2,5172,0.9443
2019,echodot,softwareupdates.amazon.com,update check,TLS 1.2,5172,0.9448
2019,echodot,softwareupdates.amazon.com,update check,TLS 1.2,5172,0.9448
2019,echoplus,softwareupdates.amazon.com,update check,TLS 1.2,5142,0.9447
2019,echoplus,softwareupdates.amazon.com,update check,TLS 1.2,5142,0.9456
2019,echoplus,softwareupdates.amazon.com,update check,TLS 1.2,5142,0.9451
2019,firetv,softwareupdates.amazon.com,update check,TLS 1.2,6020,0.9573
2019,firetv,softwareupdates.amazon.com,update check,TLS 1.2,5142,0.9451
2019,smartthings-hub,fw-update2.smartthings.com,firmware update,TLS 1.2,1964,0.9169
2019,smartthings-hub,fw-update2.smartthings.com,firmware update,TLS 1.2,1964,0.9176
2019,smartthings-hub,fw-update2.smartthings.com,firmware update,TLS 1.2,1964,0.9199
2019,smartthings-hub,fw-update2.smartthings.com,firmware update,TLS 1.2,1964,0.9202
2019,smartthings-hub,fw-update2.smartthings.com,firmware update,TLS 1.2,1964,0.9193
2019,smartthings-hub,fw-update2.smartthings.com,firmware update,TLS 1.2,1964,0.9213
2019,smartthings-hub,fw-update2.smartthings.com,firmware update,TLS 1.2,1964,0.9206
2019,smartthings-hub,fw-update2.smartthings.com,firmware update,TLS 1.2,1964,0.919
2019,smartthings-hub,fw-update2.smartthings.com,firmware update,TLS 1.2,1964,0.9183
2019,smartthings-hub,fw-update2.smartthings.com,firmware update,TLS 1.2,1964,0.9161
2019,smartthings-hub,fw-update2.smartthings.com,firmware update,TLS 1.2,1964,0.9151
2019,smartthings-hub,fw-update2.smartthings.com,firmware update,TLS 1.2,1964,0.9183
2019,smartthings-hub,fw-update2.smartthings.com,firmware update,TLS 1.2,1964,0.9171
2019,smartthings-hub,fw-update2.smartthings.com,firmware update,TLS 1.2,1964,0.9195
2019,smartthings-hub,fw-update2.smartthings.com,firmware update,TLS 1.2,1964,0.9206
2019,smartthings-hub,fw-update2.smartthings.com,firmware update,TLS 1.2,1964,0.9194
2019,smartthings-hub,fw-update2.smartthings.com,firmware update,TLS 1.2,1964,0.9165
2019,smartthings-hub,fw-update2.smartthings.com,firmware update,TLS 1.2,1964,0.9154
2019,smartthings-hub,fw-update2.smartthings.com,firmware update,TLS 1.2,1964,0.9178
2019,smartthings-hub,fw-update2.smartthings.com,firmware update,TLS 1.2,1964,0.9191
2019,smartthings-hub,fw-update2.smartthings.com,firmware update,TLS 1.2,1964,0.9212
2019,smartthings-hub,fw-update2.smartthings.com,firmware update,TLS 1.2,1964,0.9187
2019,smartthings-hub,fw-update2.smartthings.com,firmware update,TLS 1.2,1964,0.9198
2019,smartthings-hub,fw-update2.smartthings.com,firmware update,TLS 1.2,1964,0.9203
2019,smartthings-hub,fw-update2.smartthings.com,firmware update,TLS 1.2,1964,0.9211
2019,smartthings-hub,fw-update2.smartthings.com,firmware update,TLS 1.2,1964,0.9213
2019,smartthings-hub,fw-update2.smartthings.com,firmware update,TLS 1.2,1964,0.9202
2019,smartthings-hub,fw-update2.smartthings.com,firmware update,TLS 1.2,1964,0.921
2019,smartthings-hub,fw-update2.smartthings.com,firmware update,TLS 1.2,1964,0.922
2019,smartthings-hub,fw-update2.smartthings.com,firmware update,TLS 1.2,1964,0.9185
2019,smartthings-hub,fw-update2.smartthings.com,firmware update,TLS 1.2,1964,0.9182
2019,smartthings-hub,fw-update2.smartthings.com,firmware update,TLS 1.2,1964,0.9197
2019,smartthings-hub,fw-update2.smartthings.com,firmware update,TLS 1.2,1964,0.921
2019,smartthings-hub,fw-update2.smartthings.com,firmware update,TLS 1.2,1964,0.9208
2019,smartthings-hub,fw-update2.smartthings.com,firmware update,TLS 1.2,1964,0.9177
2019,smartthings-hub,fw-update2.smartthings.com,firmware update,TLS 1.2,1964,0.915
2019,smartthings-hub,fw-update2.smartthings.com,firmware update,TLS 1.2,1964,0.9174
2019,smartthings-hub,fw-update2.smartthings.com,firmware update,TLS 1.2,1964,0.9181
2019,smartthings-hub,fw-update2.smartthings.com,firmware update,TLS 1.2,1964,0.9198
2019,smartthings-hub,fw-update2.smartthings.com,firmware update,TLS 1.2,1964,0.9202
2019,smartthings-hub,fw-update2.smartthings.com,firmware update,TLS 1.2,1964,0.9176
2019,smartthings-hub,fw-update2.smartthings.com,firmware update,TLS 1.2,1964,0.9191
2019,smartthings-hub,fw-update2.smartthings.com,firmware update,TLS 1.2,1964,0.9206
2019,smartthings-hub,fw-update2.smartthings.com,firmware update,TLS 1.2,1964,0.918
2019,smartthings-hub,fw-update2.smartthings.com,firmware update,TLS 1.2,1964,0.9189
2019,smartthings-hub,fw-update2.smartthings.com,firmware update,TLS 1.2,1964,0.9202
2019,smartthings-hub,fw-update2.smartthings.com,firmware update,TLS 1.2,1964,0.9181
2019,smartthings-hub,fw-update2.smartthings.com,firmware update,TLS 1.2,1964,0.919
2019,smartthings-hub,fw-update2.smartthings.com,firmware update,TLS 1.2,1964,0.9179
2019,smartthings-hub,fw-update2.smartthings.com,firmware update,TLS 1.2,1964,0.92
2019,smartthings-hub,fw-update2.smartthings.com,firmware update,TLS 1.2,1964,0.919
2019,smartthings-hub,fw-update2.smartthings.com,firmware update,TLS 1.2,1964,0.9201
2019,smartthings-hub,fw-update2.smartthings.com,firmware update,TLS 1.2,1964,0.9186
2019,smartthings-hub,fw-update2.smartthings.com,firmware update,TLS 1.2,1964,0.917
2019,smartthings-hub,fw-update2.smartthings.com,firmware update,TLS 1.2,1964,0.9202
2019,smartthings-hub,fw-update2.smartthings.com,firmware update,TLS 1.2,1964,0.9164
2019,smartthings-hub,fw-update2.smartthings.com,firmware update,TLS 1.2,1964,0.9196
2019,smartthings-hub,fw-update2.smartthings.com,firmware update,TLS 1.2,1964,0.9231
2019,smartthings-hub,fw-update2.smartthings.com,firmware update,TLS 1.2,1964,0.9187
2019,smartthings-hub,fw-update2.smartthings.com,firmware update,TLS 1.2,1964,0.9215
2019,smartthings-hub,fw-update2.smartthings.com,firmware update,TLS 1.2,1964,0.9167
2019,smartthings-hub,fw-update2.smartthings.com,firmware update,TLS 1.2,1964,0.9203
2019,smartthings-hub,fw-update2.smartthings.com,firmware update,TLS 1.2,1964,0.918
2019,smartthings-hub,fw-update2.smartthings.com,firmware update,TLS 1.2,1964,0.9189
2019,smartthings-hub,fw-update2.smartthings.com,firmware update,TLS 1.2,1964,0.919
2019,smartthings-hub,fw-update2.smartthings.com,firmware update,TLS 1.2,1964,0.9168
2019,smartthings-hub,fw-update2.smartthings.com,firmware update,TLS 1.2,1964,0.9201
2019,smartthings-hub,fw-update2.smartthings.com,firmware update,TLS 1.2,1964,0.9197
2019,smartthings-hub,fw-update2.smartthings.com,firmware update,TLS 1.2,1964,0.9176
2019,smartthings-hub,fw-update2.smartthings.com,firmware update,TLS 1.2,1964,0.9204
2019,smartthings-hub,fw-update2.smartthings.com,firmware update,TLS 1.2,1964,0.9235
2019,smartthings-hub,fw-update2.smartthings.com,firmware update,TLS 1.2,1964,0.9188
2019,smartthings-hub,fw-update2.smartthings.com,firmware update,TLS 1.2,1964,0.9201
2019,smartthings-hub,fw-update2.smartthings.com,firmware update,TLS 1.2,1964,0.9204
2019,smartthings-hub,fw-update2.smartthings.com,firmware update,TLS 1.2,1964,0.9201
2019,smartthings-hub,fw-update2.smartthings.com,firmware update,TLS 1.2,1964,0.918
2019,smartthings-hub,fw-update2.smartthings.com,firmware update,TLS 1.2,1964,0.918
2019,smartthings-hub,fw-update2.smartthings.com,firmware update,TLS 1.2,1964,0.9201
2019,smartthings-hub,fw-update2.smartthings.com,firmware update,TLS 1.2,1964,0.9188
2019,smartthings-hub,fw-update2.smartthings.com,firmware update,TLS 1.2,1964,0.9206
2019,smartthings-hub,fw-update2.smartthings.com,firmware update,TLS 1.2,1964,0.9212
2019,smartthings-hub,fw-update2.smartthings.com,firmware update,TLS 1.2,1964,0.9213
2019,smartthings-hub,fw-update2.smartthings.com,firmware update,TLS 1.2,1964,0.9229
2019,smartthings-hub,fw-update2.smartthings.com,firmware update,TLS 1.2,1964,0.9163
2019,smartthings-hub,fw-update2.smartthings.com,firmware update,TLS 1.2,1964,0.9204
2019,smartthings-hub,fw-update2.smartthings.com,firmware update,TLS 1.2,1964,0.9229
2019,smartthings-hub,fw-update2.smartthings.com,firmware update,TLS 1.2,1964,0.9217
2019,smartthings-hub,fw-update2.smartthings.com,firmware update,TLS 1.2,1964,0.9182
2019,smartthings-hub,fw-update2.smartthings.com,firmware update,TLS 1.2,1964,0.9232
2019,smartthings-hub,fw-update2.smartthings.com,firmware update,TLS 1.2,1964,0.9171
2019,smartthings-hub,fw-update2.smartthings.com,firmware update,TLS 1.2,1964,0.9201
2019,smartthings-hub,fw-update2.smartthings.com,firmware update,TLS 1.2,1964,0.917
2019,smartthings-hub,fw-update2.smartthings.com,firmware update,TLS 1.2,1964,0.9187
2019,smartthings-hub,fw-update2.smartthings.com,firmware update,TLS 1.2,1964,0.9202
2019,smartthings-hub,fw-update2.smartthings.com,firmware update,TLS 1.2,1964,0.9175
2019,smartthings-hub,fw-update2.smartthings.com,firmware update,TLS 1.2,1964,0.9201
2019,smartthings-hub,fw-update2.smartthings.com,firmware update,TLS 1.2,1964,0.9165
2019,smartthings-hub,fw-update2.smartthings.com,firmware update,TLS 1.2,1964,0.92
2019,smartthings-hub,fw-update2.smartthings.com,firmware update,TLS 1.2,1964,0.919
2019,smartthings-hub,fw-update2.smartthings.com,firmware update,TLS 1.2,1964,0.9174
2019,smartthings-hub,fw-update2.smartthings.com,firmware update,TLS 1.2,1964,0.9183
2019,smartthings-hub,fw-update2.smartthings.com,firmware update,TLS 1.2,1964,0.9183
2019,smartthings-hub,fw-update2.smartthings.com,firmware update,TLS 1.2,1964,0.9197
2019,smartthings-hub,fw-update2.smartthings.com,firmware update,TLS 1.2,1964,0.9182
2019,smartthings-hub,fw-update2.smartthings.com,firmware update,TLS 1.2,1964,0.9183
2019,smartthings-hub,fw-update2.smartthings.com,firmware update,TLS 1.2,1964,0.919
2019,smartthings-hub,fw-update2.smartthings.com,firmware update,TLS 1.2,1964,0.9166
2019,smartthings-hub,fw-update2.smartthings.com,firmware update,TLS 1.2,1964,0.9192
2019,smartthings-hub,fw-update2.smartthings.com,firmware update,TLS 1.2,1964,0.9191
2019,smartthings-hub,fw-update2.smartthings.com,firmware update,TLS 1.2,1964,0.9235
2019,smartthings-hub,fw-update2.smartthings.com,firmware update,TLS 1.2,1964,0.9177
2019,smartthings-hub,fw-update2.smartthings.com,firmware update,TLS 1.2,1964,0.9165
2019,smartthings-hub,fw-update2.smartthings.com,firmware update,TLS 1.2,1964,0.9172
2019,smartthings-hub,fw-update2.smartthings.com,firmware update,TLS 1.2,1964,0.9211
2019,smartthings-hub,fw-update2.smartthings.com,firmware update,TLS 1.2,1964,0.9201
2019,smartthings-hub,fw-update2.smartthings.com,firmware update,TLS 1.2,1964,0.9217
2019,smartthings-hub,fw-update2.smartthings.com,firmware update,TLS 1.2,1964,0.9197
2019,smartthings-hub,fw-update2.smartthings.com,firmware update,TLS 1.2,1964,0.917
2019,smartthings-hub,fw-update2.smartthings.com,firmware update,TLS 1.2,1964,0.9194
2019,smartthings-hub,fw-update2.smartthings.com,firmware update,TLS 1.2,1964,0.9195
2019,smartthings-hub,fw-update2.smartthings.com,firmware update,TLS 1.2,1964,0.9156
2019,smartthings-hub,fw-update2.smartthings.com,firmware update,TLS 1.2,1964,0.9183
2019,smartthings-hub,fw-update2.smartthings.com,firmware update,TLS 1.2,1964,0.9198
2019,smartthings-hub,fw-update2.smartthings.com,firmware update,TLS 1.2,1964,0.9209
2019,smartthings-hub,fw-update2.smartthings.com,firmware update,TLS 1.2,1964,0.9182
2019,smartthings-hub,fw-update2.smartthings.com,firmware update,TLS 1.2,1964,0.9188
2019,smartthings-hub,fw-update2.smartthings.com,firmware update,TLS 1.2,1964,0.9203
2019,smartthings-hub,fw-update2.smartthings.com,firmware update,TLS 1.2,1964,0.9185
2019,smartthings-hub,fw-update2.smartthings.com,firmware update,TLS 1.2,1964,0.9162
2019,smartthings-hub,fw-update2.smartthings.com,firmware update,TLS 1.2,1964,0.9215
2019,smartthings-hub,fw-update2.smartthings.com,firmware update,TLS 1.2,1964,0.921
2019,smartthings-hub,fw-update2.smartthings.com,firmware update,TLS 1.2,1964,0.9184
2019,smartthings-hub,fw-update2.smartthings.com,firmware update,TLS 1.2,1964,0.9202
2019,smartthings-hub,fw-update2.smartthings.com,firmware update,TLS 1.2,1964,0.92
2019,smartthings-hub,fw-update2.smartthings.com,firmware update,TLS 1.2,1964,0.9206
2019,smartthings-hub,fw-update2.smartthings.com,firmware update,TLS 1.2,1964,0.9208
2019,smartthings-hub,fw-update2.smartthings.com,firmware update,TLS 1.2,1964,0.9162
2019,smartthings-hub,fw-update2.smartthings.com,firmware update,TLS 1.2,1964,0.9186
2019,smartthings-hub,fw-update2.smartthings.com,firmware update,TLS 1.2,1964,0.9169
2019,smartthings-hub,fw-update2.smartthings.com,firmware update,TLS 1.2,1964,0.9211
2019,smartthings-hub,fw-update2.smartthings.com,firmware update,TLS 1.2,1964,0.9207
2019,smartthings-hub,fw-update2.smartthings.com,firmware update,TLS 1.2,1964,0.918
2019,smartthings-hub,fw-update2.smartthings.com,firmware update,TLS 1.2,1964,0.918
2019,smartthings-hub,fw-update2.smartthings.com,firmware update,TLS 1.2,1964,0.9189
2019,smartthings-hub,fw-update2.smartthings.com,firmware update,TLS 1.2,1964,0.9195
2019,smartthings-hub,fw-update2.smartthings.com,firmware update,TLS 1.2,1964,0.9183
2019,smartthings-hub,fw-update2.smartthings.com,firmware update,TLS 1.2,1964,0.9215
2019,smartthings-hub,fw-update2.smartthings.com,firmware update,TLS 1.2,1964,0.9183
2019,smartthings-hub,fw-update2.smartthings.com,firmware update,TLS 1.2,1964,0.9198
2019,smartthings-hub,fw-update2.smartthings.com,firmware update,TLS 1.2,1964,0.9182
2019,smartthings-hub,fw-update2.smartthings.com,firmware update,TLS 1.2,1964,0.9178
2019,smartthings-hub,fw-update2.smartthings.com,firmware update,TLS 1.2,1964,0.9181
2019,smartthings-hub,fw-update2.smartthings.com,firmware update,TLS 1.2,1964,0.92
2019,smartthings-hub,fw-update2.smartthings.com,firmware update,TLS 1.2,1964,0.9219
2019,smartthings-hub,fw-update2.smartthings.com,firmware update,TLS 1.2,1964,0.9174
2019,smartthings-hub,fw-update2.smartthings.com,firmware update,TLS 1.2,1964,0.9174
2019,smartthings-hub,fw-update2.smartthings.com,firmware update,TLS 1.2,1964,0.9204
2019,smartthings-hub,fw-update2.smartthings.com,firmware update,TLS 1.2,1964,0.9209
2019,smartthings-hub,fw-update2.smartthings.com,firmware update,TLS 1.2,1964,0.9197
2019,smartthings-hub,fw-update2.smartthings.com,firmware update,TLS 1.2,1964,0.9174
2019,smartthings-hub,fw-update2.smartthings.com,firmware update,TLS 1.2,1964,0.9196
2019,smartthings-hub,fw-update2.smartthings.com,firmware update,TLS 1.2,1964,0.9209
2019,smartthings-hub,fw-update2.smartthings.com,firmware update,TLS 1.2,1964,0.9183
2019,smartthings-hub,fw-update2.smartthings.com,firmware update,TLS 1.2,1964,0.9177
2019,smartthings-hub,fw-update2.smartthings.com,firmware update,TLS 1.2,1964,0.9174
2019,smartthings-hub,fw-update2.smartthings.com,firmware update,TLS 1.2,1964,0.9193
2019,smartthings-hub,fw-update2.smartthings.com,firmware update,TLS 1.2,1964,0.9162
2019,smartthings-hub,fw-update2.smartthings.com,firmware update,TLS 1.2,1964,0.9179
2019,smartthings-hub,fw-update2.smartthings.com,firmware update,TLS 1.2,1964,0.9176
2019,smartthings-hub,fw-update2.smartthings.com,firmware update,TLS 1.2,1964,0.9198
2019,smartthings-hub,fw-update2.smartthings.com,firmware update,TLS 1.2,1964,0.9224
2019,smartthings-hub,fw-update2.smartthings.com,firmware update,TLS 1.2,1964,0.9198
2019,smartthings-hub,fw-update2.smartthings.com,firmware update,TLS 1.2,1964,0.9189
2019,smartthings-hub,fw-update2.smartthings.com,firmware update,TLS 1.2,1964,0.919
2019,smartthings-hub,fw-update2.smartthings.com,firmware update,TLS 1.2,1964,0.9188
2019,smartthings-hub,fw-update2.smartthings.com,firmware update,TLS 1.2,1964,0.9198
2019,smartthings-hub,fw-update2.smartthings.com,firmware update,TLS 1.2,1964,0.9193
2019,smartthings-hub,fw-update2.smartthings.com,firmware update,TLS 1.2,1964,0.9199
2019,smartthings-hub,fw-update2.smartthings.com,firmware update,TLS 1.2,1964,0.9225
2019,smartthings-hub,fw-update2.smartthings.com,firmware update,TLS 1.2,1964,0.9184
2019,smartthings-hub,fw-update2.smartthings.com,firmware update,TLS 1.2,1964,0.9211
2019,smartthings-hub,fw-update2.smartthings.com,firmware update,TLS 1.2,1964,0.9208
2019,smartthings-hub,fw-update2.smartthings.com,firmware update,TLS 1.2,1964,0.9185
2019,smartthings-hub,fw-update2.smartthings.com,firmware update,TLS 1.2,1964,0.9202
2019,smartthings-hub,fw-update2.smartthings.com,firmware update,TLS 1.2,1964,0.9206
2019,smartthings-hub,fw-update2.smartthings.com,firmware update,TLS 1.2,1964,0.9194
2019,smartthings-hub,fw-update2.smartthings.com,firmware update,TLS 1.2,1964,0.9174
2019,smartthings-hub,fw-update2.smartthings.com,firmware update,TLS 1.2,1964,0.9161
2019,smartthings-hub,fw-update2.smartthings.com,firmware update,TLS 1.2,1964,0.92
2019,smartthings-hub,fw-update2.smartthings.com,firmware update,TLS 1.2,1964,0.9196
2019,smartthings-hub,fw-update2.smartthings.com,firmware update,TLS 1.2,1964,0.9214
2019,smartthings-hub,fw-update2.smartthings.com,firmware update,TLS 1.2,1964,0.9198
2019,smartthings-hub,fw-update2.smartthings.com,firmware update,TLS 1.2,1964,0.9215
2019,smartthings-hub,fw-update2.smartthings.com,firmware update,TLS 1.2,1964,0.9205
2019,smartthings-hub,fw-update2.smartthings.com,firmware update,TLS 1.2,1964,0.9191
2019,smartthings-hub,fw-update2.smartthings.com,firmware update,TLS 1.2,1964,0.9188
2019,smartthings-hub,fw-update2.smartthings.com,firmware update,TLS 1.2,1964,0.9188
2019,smartthings-hub,fw-update2.smartthings.com,firmware update,TLS 1.2,1964,0.9183
2019,smartthings-hub,fw-update2.smartthings.com,firmware update,TLS 1.2,1964,0.9222
2019,smartthings-hub,fw-update2.smartthings.com,firmware update,TLS 1.2,1964,0.9184
2019,smartthings-hub,fw-update2.smartthings.com,firmware update,TLS 1.2,1964,0.919
2019,smartthings-hub,fw-update2.smartthings.com,firmware update,TLS 1.2,1964,0.9206
2019,smartthings-hub,fw-update2.smartthings.com,firmware update,TLS 1.2,1964,0.9174
2019,smartthings-hub,fw-update2.smartthings.com,firmware update,TLS 1.2,1964,0.9175
2019,smartthings-hub,fw-update2.smartthings.com,firmware update,TLS 1.2,1964,0.9177
2019,smartthings-hub,fw-update2.smartthings.com,firmware update,TLS 1.2,1964,0.9191
2019,smartthings-hub,fw-update2.smartthings.com,firmware update,TLS 1.2,1964,0.9195
2019,smartthings-hub,fw-update2.smartthings.com,firmware update,TLS 1.2,1964,0.9211
2019,smartthings-hub,fw-update2.smartthings.com,firmware update,TLS 1.2,1964,0.9176
2019,smartthings-hub,fw-update2.smartthings.com,firmware update,TLS 1.2,1964,0.92
2019,smartthings-hub,fw-update2.smartthings.com,firmware update,TLS 1.2,1964,0.9206
2019,smartthings-hub,fw-update2.smartthings.com,firmware update,TLS 1.2,1964,0.9186
2019,smartthings-hub,fw-update2.smartthings.com,firmware update,TLS 1.2,1964,0.9149
2019,smartthings-hub,fw-update2.smartthings.com,firmware update,TLS 1.2,1964,0.9208
2019,smartthings-hub,fw-update2.smartthings.com,firmware update,TLS 1.2,1964,0.9165
2019,smartthings-hub,fw-update2.smartthings.com,firmware update,TLS 1.2,1964,0.9186
2019,smartthings-hub,fw-update2.smartthings.com,firmware update,TLS 1.2,1964,0.9229
2019,smartthings-hub,fw-update2.smartthings.com,firmware update,TLS 1.2,1964,0.9168
2019,smartthings-hub,fw-update2.smartthings.com,firmware update,TLS 1.2,1964,0.9219
2019,smartthings-hub,fw-update2.smartthings.com,firmware update,TLS 1.2,1964,0.9168
2019,smartthings-hub,fw-update2.smartthings.com,firmware update,TLS 1.2,1964,0.9169
2019,smartthings-hub,fw-update2.smartthings.com,firmware update,TLS 1.2,1964,0.921
2019,smartthings-hub,fw-update2.smartthings.com,firmware update,TLS 1.2,1964,0.9192
2019,smartthings-hub,fw-update2.smartthings.com,firmware update,TLS 1.2,1964,0.9225
2019,smartthings-hub,fw-update2.smartthings.com,firmware update,TLS 1.2,1964,0.9176
2019,smartthings-hub,fw-update2.smartthings.com,firmware update,TLS 1.2,1964,0.921
2019,smartthings-hub,fw-update2.smartthings.com,firmware update,TLS 1.2,1964,0.9186
2019,smartthings-hub,fw-update2.smartthings.com,firmware update,TLS 1.2,1964,0.9213
2019,smartthings-hub,fw-update2.smartthings.com,firmware update,TLS 1.2,1964,0.9183
2019,smartthings-hub,fw-update2.smartthings.com,firmware update,TLS 1.2,1964,0.9173
2019,smartthings-hub,fw-update2.smartthings.com,firmware update,TLS 1.2,1964,0.9196
2019,smartthings-hub,fw-update2.smartthings.com,firmware update,TLS 1.2,1964,0.9197
2019,smartthings-hub,fw-update2.smartthings.com,firmware update,TLS 1.2,1964,0.9205
2019,smartthings-hub,fw-update2.smartthings.com,firmware update,TLS 1.2,1964,0.9202
2019,smartthings-hub,fw-update2.smartthings.com,firmware update,TLS 1.2,1964,0.9186
2019,smartthings-hub,fw-update2.smartthings.com,firmware update,TLS 1.2,1964,0.9191
2019,smartthings-hub,fw-update2.smartthings.com,firmware update,TLS 1.2,1964,0.9182
2019,smartthings-hub,fw-update2.smartthings.com,firmware update,TLS 1.2,1964,0.9182
2019,smartthings-hub,fw-update2.smartthings.com,firmware update,TLS 1.2,1964,0.9205
2019,smartthings-hub,fw-update2.smartthings.com,firmware update,TLS 1.2,1964,0.9225
2019,smartthings-hub,fw-update2.smartthings.com,firmware update,TLS 1.2,1964,0.9209
2019,smartthings-hub,fw-update2.smartthings.com,firmware update,TLS 1.2,1964,0.9152
2019,smartthings-hub,fw-update2.smartthings.com,firmware update,TLS 1.2,1964,0.9202
2019,smartthings-hub,fw-update2.smartthings.com,firmware update,TLS 1.2,1964,0.9201
2019,smartthings-hub,fw-update2.smartthings.com,firmware update,TLS 1.2,1964,0.9173
2019,smartthings-hub,fw-update2.smartthings.com,firmware update,TLS 1.2,1964,0.9177
2019,smartthings-hub,fw-update2.smartthings.com,firmware update,TLS 1.2,1964,0.9187
2019,smartthings-hub,fw-update2.smartthings.com,firmware update,TLS 1.2,1964,0.9181
2019,smartthings-hub,fw-update2.smartthings.com,firmware update,TLS 1.2,1964,0.9163
2019,smartthings-hub,fw-update2.smartthings.com,firmware update,TLS 1.2,1964,0.9175
2019,smartthings-hub,fw-update2.smartthings.com,firmware update,TLS 1.2,1964,0.9189
2019,smartthings-hub,fw-update2.smartthings.com,firmware update,TLS 1.2,1964,0.9185
2019,smartthings-hub,fw-update2.smartthings.com,firmware update,TLS 1.2,1964,0.919
2019,smartthings-hub,fw-update2.smartthings.com,firmware update,TLS 1.2,1964,0.9178
2019,smartthings-hub,fw-update2.smartthings.com,firmware update,TLS 1.2,1964,0.9198
2019,smartthings-hub,fw-update2.smartthings.com,firmware update,TLS 1.2,1964,0.9151
2019,smartthings-hub,fw-update2.smartthings.com,firmware update,TLS 1.2,1964,0.9194
2019,smartthings-hub,fw-update2.smartthings.com,firmware update,TLS 1.2,1964,0.9176
2019,smartthings-hub,fw-update2.smartthings.com,firmware update,TLS 1.2,1964,0.9175
2019,smartthings-hub,fw-update2.smartthings.com,firmware update,TLS 1.2,1964,0.9204
2019,smartthings-hub,fw-update2.smartthings.com,firmware update,TLS 1.2,1964,0.9166
2019,smartthings-hub,fw-update2.smartthings.com,firmware update,TLS 1.2,1964,0.92
2019,smartthings-hub,fw-update2.smartthings.com,firmware update,TLS 1.2,1964,0.9145
2019,smartthings-hub,fw-update2.smartthings.com,firmware update,TLS 1.2,1964,0.9192
2019,smartthings-hub,fw-update2.smartthings.com,firmware update,TLS 1.2,1964,0.9177
2019,smartthings-hub,fw-update2.smartthings.com,firmware update,TLS 1.2,1964,0.9185
2019,smartthings-hub,fw-update2.smartthings.com,firmware update,TLS 1.2,1964,0.9178
2019,smartthings-hub,fw-update2.smartthings.com,firmware update,TLS 1.2,1964,0.9221
2019,smartthings-hub,fw-update2.smartthings.com,firmware update,TLS 1.2,1964,0.9175
2019,smartthings-hub,fw-update2.smartthings.com,firmware update,TLS 1.2,1964,0.9182
2019,smartthings-hub,fw-update2.smartthings.com,firmware update,TLS 1.2,1964,0.9206
2019,smartthings-hub,fw-update2.smartthings.com,firmware update,TLS 1.2,1964,0.9175
2019,smartthings-hub,fw-update2.smartthings.com,firmware update,TLS 1.2,1964,0.9168
2019,smartthings-hub,fw-update2.smartthings.com,firmware update,TLS 1.2,1964,0.9186
2019,smartthings-hub,fw-update2.smartthings.com,firmware update,TLS 1.2,1964,0.918
2019,smartthings-hub,fw-update2.smartthings.com,firmware update,TLS 1.2,1964,0.918
2019,smartthings-hub,fw-update2.smartthings.com,firmware update,TLS 1.2,1964,0.9207
2019,smartthings-hub,fw-update2.smartthings.com,firmware update,TLS 1.2,1964,0.9194
2019,smartthings-hub,fw-update2.smartthings.com,firmware update,TLS 1.2,1964,0.9196
2019,smartthings-hub,fw-update2.smartthings.com,firmware update,TLS 1.2,1964,0.9193
2019,smartthings-hub,fw-update2.smartthings.com,firmware update,TLS 1.2,1964,0.9183
2019,smartthings-hub,fw-update2.smartthings.com,firmware update,TLS 1.2,1964,0.9186
2019,smartthings-hub,fw-update2.smartthings.com,firmware update,TLS 1.2,1964,0.9196
2019,smartthings-hub,fw-update2.smartthings.com,firmware update,TLS 1.2,1964,0.9188
2019,smartthings-hub,fw-update2.smartthings.com,firmware update,TLS 1.2,1964,0.9211
2019,smartthings-hub,fw-update2.smartthings.com,firmware update,TLS 1.2,1964,0.9217
2019,smartthings-hub,fw-update2.smartthings.com,firmware update,TLS 1.2,1964,0.9192
2019,smartthings-hub,fw-update2.smartthings.com,firmware update,TLS 1.2,1964,0.9199
2019,smartthings-hub,fw-update2.smartthings.com,firmware update,TLS 1.2,1964,0.9185
2019,appletv,mesu.apple.com,update catalog,TLS 1.2,3711,0.923
2019,appletv,mesu.apple.com,update catalog,TLS 1.2,3695,0.9254
2019,appletv,mesu.apple.com,update catalog,TLS 1.2,3703,0.9255
2019,appletv,mesu.apple.com,update catalog,TLS 1.2,21330,0.996
2019,appletv,mesu.apple.com,update catalog,TLS 1.2,3348,0.9095
2019,appletv,mesu.apple.com,update catalog,TLS 1.2,3712,0.9225
2019,appletv,mesu.apple.com,update catalog,TLS 1.2,3710,0.9236
2019,appletv,mesu.apple.com,update catalog,TLS 1.2,3762,0.9271
2019,appletv,mesu.apple.com,update catalog,TLS 1.2,4075,0.9335
2019,appletv,mesu.apple.com,update catalog,TLS 1.2,3347,0.9099
2019,appletv,mesu.apple.com,update catalog,TLS 1.2,3711,0.9238
2019,cloudcam,softwareupdates.amazon.com,update check,TLS 1.2,6405,0.9535
2019,dlink-mov,wrpd.dlink.com,firmware query,"HTTP, check or metadata",632,0.6904
2019,dlink-mov,api.dch.dlink.com,upgrade agent,"HTTP, check or metadata",321,0.7248
2019,dlink-mov,wrpd.dlink.com,firmware query,"HTTP, check or metadata",632,0.69
2019,dlink-mov,api.dch.dlink.com,upgrade agent,"HTTP, check or metadata",321,0.7186
2019,dlink-mov,wrpd.dlink.com,firmware query,"HTTP, check or metadata",632,0.6914
2019,dlink-mov,api.dch.dlink.com,upgrade agent,"HTTP, check or metadata",321,0.7146
2019,dlink-mov,wrpd.dlink.com,firmware query,"HTTP, check or metadata",632,0.6924
2019,dlink-mov,api.dch.dlink.com,upgrade agent,"HTTP, check or metadata",321,0.7255
2019,dlink-mov,wrpd.dlink.com,firmware query,"HTTP, check or metadata",632,0.6925
2019,dlink-mov,api.dch.dlink.com,upgrade agent,"HTTP, check or metadata",321,0.7207
2019,dlink-mov,wrpd.dlink.com,firmware query,"HTTP, check or metadata",632,0.6925
2019,dlink-mov,api.dch.dlink.com,upgrade agent,"HTTP, check or metadata",321,0.7186
2019,dlink-mov,wrpd.dlink.com,firmware query,"HTTP, check or metadata",632,0.6913
2019,dlink-mov,api.dch.dlink.com,upgrade agent,"HTTP, check or metadata",321,0.7288
2019,dlink-mov,wrpd.dlink.com,firmware query,"HTTP, check or metadata",632,0.6921
2019,dlink-mov,api.dch.dlink.com,upgrade agent,"HTTP, check or metadata",321,0.719
2019,dlink-mov,wrpd.dlink.com,firmware query,"HTTP, check or metadata",632,0.6928
2019,dlink-mov,api.dch.dlink.com,upgrade agent,"HTTP, check or metadata",321,0.7255
2019,echoplus,softwareupdates.amazon.com,update check,TLS 1.2,6405,0.9544
2019,echoplus,softwareupdates.amazon.com,update check,TLS 1.2,5886,0.947
2019,echoplus,softwareupdates.amazon.com,update check,TLS 1.2,7097,0.9384
2019,echospot,softwareupdates.amazon.com,update check,TLS 1.2,5885,0.9467
2019,smartthings-hub,fw-update2.smartthings.com,firmware update,TLS 1.2,1964,0.9191
2019,smartthings-hub,fw-update2.smartthings.com,firmware update,TLS 1.2,1964,0.9207
2019,smartthings-hub,fw-update2.smartthings.com,firmware update,TLS 1.2,1964,0.9222
2019,smartthings-hub,fw-update2.smartthings.com,firmware update,TLS 1.2,1964,0.9223
2019,smartthings-hub,fw-update2.smartthings.com,firmware update,TLS 1.2,1964,0.9194
2019,smartthings-hub,fw-update2.smartthings.com,firmware update,TLS 1.2,1964,0.9205
2019,smartthings-hub,fw-update2.smartthings.com,firmware update,TLS 1.2,1964,0.9205
2019,smartthings-hub,fw-update2.smartthings.com,firmware update,TLS 1.2,1964,0.92
2019,smartthings-hub,fw-update2.smartthings.com,firmware update,TLS 1.2,1964,0.9191
2019,smartthings-hub,fw-update2.smartthings.com,firmware update,TLS 1.2,1964,0.919
2019,smartthings-hub,fw-update2.smartthings.com,firmware update,TLS 1.2,1964,0.9187
2019,smartthings-hub,fw-update2.smartthings.com,firmware update,TLS 1.2,1964,0.9167
2019,smartthings-hub,fw-update2.smartthings.com,firmware update,TLS 1.2,1964,0.918
2019,smartthings-hub,fw-update2.smartthings.com,firmware update,TLS 1.2,1964,0.9182
2019,smartthings-hub,fw-update2.smartthings.com,firmware update,TLS 1.2,1964,0.9189
2019,smartthings-hub,fw-update2.smartthings.com,firmware update,TLS 1.2,1964,0.9216
2019,smartthings-hub,fw-update2.smartthings.com,firmware update,TLS 1.2,1964,0.9235
2019,smartthings-hub,fw-update2.smartthings.com,firmware update,TLS 1.2,1964,0.92
2019,smartthings-hub,fw-update2.smartthings.com,firmware update,TLS 1.2,1964,0.9211
2019,smartthings-hub,fw-update2.smartthings.com,firmware update,TLS 1.2,1964,0.9186
2019,smartthings-hub,fw-update2.smartthings.com,firmware update,TLS 1.2,1964,0.9174
2019,smartthings-hub,fw-update2.smartthings.com,firmware update,TLS 1.2,2323,0.9323
2019,smartthings-hub,fw-update2.smartthings.com,firmware update,TLS 1.2,1964,0.918
2019,smartthings-hub,fw-update2.smartthings.com,firmware update,TLS 1.2,1964,0.9205
2019,smartthings-hub,fw-update2.smartthings.com,firmware update,TLS 1.2,1964,0.9205
2019,smartthings-hub,fw-update2.smartthings.com,firmware update,TLS 1.2,1964,0.9168
2019,smartthings-hub,fw-update2.smartthings.com,firmware update,TLS 1.2,1964,0.9172
2019,smartthings-hub,fw-update2.smartthings.com,firmware update,TLS 1.2,1964,0.9186
2019,smartthings-hub,fw-update2.smartthings.com,firmware update,TLS 1.2,1964,0.9214
2019,smartthings-hub,fw-update2.smartthings.com,firmware update,TLS 1.2,1964,0.9197
2019,smartthings-hub,fw-update2.smartthings.com,firmware update,TLS 1.2,1964,0.9176
2019,smartthings-hub,fw-update2.smartthings.com,firmware update,TLS 1.2,1964,0.919
2019,smartthings-hub,fw-update2.smartthings.com,firmware update,TLS 1.2,1964,0.9192
2019,smartthings-hub,fw-update2.smartthings.com,firmware update,TLS 1.2,1964,0.9176
2019,smartthings-hub,fw-update2.smartthings.com,firmware update,TLS 1.2,1964,0.9187
2019,smartthings-hub,fw-update2.smartthings.com,firmware update,TLS 1.2,1964,0.9213
2019,smartthings-hub,fw-update2.smartthings.com,firmware update,TLS 1.2,1964,0.9198
2019,smartthings-hub,fw-update2.smartthings.com,firmware update,TLS 1.2,1964,0.9207
2019,smartthings-hub,fw-update2.smartthings.com,firmware update,TLS 1.2,1964,0.9196
2019,smartthings-hub,fw-update2.smartthings.com,firmware update,TLS 1.2,1964,0.921
2019,smartthings-hub,fw-update2.smartthings.com,firmware update,TLS 1.2,1964,0.9208
2019,smartthings-hub,fw-update2.smartthings.com,firmware update,TLS 1.2,1964,0.9198
2019,smartthings-hub,fw-update2.smartthings.com,firmware update,TLS 1.2,1964,0.9158
2019,smartthings-hub,fw-update2.smartthings.com,firmware update,TLS 1.2,1964,0.9187
2019,smartthings-hub,fw-update2.smartthings.com,firmware update,TLS 1.2,1964,0.9186
2019,smartthings-hub,fw-update2.smartthings.com,firmware update,TLS 1.2,1964,0.9226
2019,smartthings-hub,fw-update2.smartthings.com,firmware update,TLS 1.2,1964,0.9202
2019,smartthings-hub,fw-update2.smartthings.com,firmware update,TLS 1.2,1964,0.9205
2019,smartthings-hub,fw-update2.smartthings.com,firmware update,TLS 1.2,1964,0.9179
2019,smartthings-hub,fw-update2.smartthings.com,firmware update,TLS 1.2,1964,0.9185
2019,smartthings-hub,fw-update2.smartthings.com,firmware update,TLS 1.2,1964,0.9179
2019,smartthings-hub,fw-update2.smartthings.com,firmware update,TLS 1.2,1964,0.9169
2019,smartthings-hub,fw-update2.smartthings.com,firmware update,TLS 1.2,1964,0.9174
2019,smartthings-hub,fw-update2.smartthings.com,firmware update,TLS 1.2,1964,0.9194
2019,smartthings-hub,fw-update2.smartthings.com,firmware update,TLS 1.2,1964,0.9178
2019,smartthings-hub,fw-update2.smartthings.com,firmware update,TLS 1.2,1964,0.9195
2019,smartthings-hub,fw-update2.smartthings.com,firmware update,TLS 1.2,1964,0.9172
2019,smartthings-hub,fw-update2.smartthings.com,firmware update,TLS 1.2,1964,0.9189
2019,smartthings-hub,fw-update2.smartthings.com,firmware update,TLS 1.2,1964,0.919
2019,smartthings-hub,fw-update2.smartthings.com,firmware update,TLS 1.2,1964,0.919
2019,smartthings-hub,fw-update2.smartthings.com,firmware update,TLS 1.2,1964,0.9207
2019,smartthings-hub,fw-update2.smartthings.com,firmware update,TLS 1.2,1964,0.9199
2019,smartthings-hub,fw-update2.smartthings.com,firmware update,TLS 1.2,1964,0.9175
2019,smartthings-hub,fw-update2.smartthings.com,firmware update,TLS 1.2,1964,0.917
2019,smartthings-hub,fw-update2.smartthings.com,firmware update,TLS 1.2,1964,0.92
2019,smartthings-hub,fw-update2.smartthings.com,firmware update,TLS 1.2,1964,0.9162
2019,smartthings-hub,fw-update2.smartthings.com,firmware update,TLS 1.2,1964,0.9199
2019,smartthings-hub,fw-update2.smartthings.com,firmware update,TLS 1.2,1964,0.9216
2019,smartthings-hub,fw-update2.smartthings.com,firmware update,TLS 1.2,1964,0.9192
2019,smartthings-hub,fw-update2.smartthings.com,firmware update,TLS 1.2,2323,0.9299
2019,smartthings-hub,fw-update2.smartthings.com,firmware update,TLS 1.2,1964,0.92
2019,smartthings-hub,fw-update2.smartthings.com,firmware update,TLS 1.2,1964,0.9206
2019,smartthings-hub,fw-update2.smartthings.com,firmware update,TLS 1.2,1964,0.9202
2019,smartthings-hub,fw-update2.smartthings.com,firmware update,TLS 1.2,1964,0.9185
2019,smartthings-hub,fw-update2.smartthings.com,firmware update,TLS 1.2,1964,0.9178
2019,smartthings-hub,fw-update2.smartthings.com,firmware update,TLS 1.2,1964,0.9188
2019,smartthings-hub,fw-update2.smartthings.com,firmware update,TLS 1.2,1964,0.9191
2019,smartthings-hub,fw-update2.smartthings.com,firmware update,TLS 1.2,1964,0.9159
2019,smartthings-hub,fw-update2.smartthings.com,firmware update,TLS 1.2,1964,0.918
2019,smartthings-hub,fw-update2.smartthings.com,firmware update,TLS 1.2,1964,0.9197
2019,smartthings-hub,fw-update2.smartthings.com,firmware update,TLS 1.2,1964,0.918
2019,smartthings-hub,fw-update2.smartthings.com,firmware update,TLS 1.2,1964,0.9189
2019,smartthings-hub,fw-update2.smartthings.com,firmware update,TLS 1.2,1964,0.9195
2019,smartthings-hub,fw-update2.smartthings.com,firmware update,TLS 1.2,1964,0.9167
2019,smartthings-hub,fw-update2.smartthings.com,firmware update,TLS 1.2,1964,0.9186
2019,smartthings-hub,fw-update2.smartthings.com,firmware update,TLS 1.2,1964,0.9206
2019,smartthings-hub,fw-update2.smartthings.com,firmware update,TLS 1.2,1964,0.9179
2019,smartthings-hub,fw-update2.smartthings.com,firmware update,TLS 1.2,1964,0.918
2019,smartthings-hub,fw-update2.smartthings.com,firmware update,TLS 1.2,1964,0.9176
2019,smartthings-hub,fw-update2.smartthings.com,firmware update,TLS 1.2,1964,0.9174
2019,smartthings-hub,fw-update2.smartthings.com,firmware update,TLS 1.2,1964,0.9186
2019,smartthings-hub,fw-update2.smartthings.com,firmware update,TLS 1.2,1964,0.9184
2019,smartthings-hub,fw-update2.smartthings.com,firmware update,TLS 1.2,1964,0.9197
2019,smartthings-hub,fw-update2.smartthings.com,firmware update,TLS 1.2,1964,0.9208
2019,smartthings-hub,fw-update2.smartthings.com,firmware update,TLS 1.2,1964,0.9196
2019,smartthings-hub,fw-update2.smartthings.com,firmware update,TLS 1.2,1964,0.9193
2019,smartthings-hub,fw-update2.smartthings.com,firmware update,TLS 1.2,1964,0.9192
2019,smartthings-hub,fw-update2.smartthings.com,firmware update,TLS 1.2,1964,0.9189
2019,smartthings-hub,fw-update2.smartthings.com,firmware update,TLS 1.2,1964,0.9185
2019,smartthings-hub,fw-update2.smartthings.com,firmware update,TLS 1.2,1964,0.916
2019,smartthings-hub,fw-update2.smartthings.com,firmware update,TLS 1.2,1964,0.9162
2019,smartthings-hub,fw-update2.smartthings.com,firmware update,TLS 1.2,1964,0.9196
2019,smartthings-hub,fw-update2.smartthings.com,firmware update,TLS 1.2,1964,0.9195
2019,smartthings-hub,fw-update2.smartthings.com,firmware update,TLS 1.2,1964,0.918
2019,smartthings-hub,fw-update2.smartthings.com,firmware update,TLS 1.2,1964,0.9204
2019,smartthings-hub,fw-update2.smartthings.com,firmware update,TLS 1.2,1964,0.9183
2019,smartthings-hub,fw-update2.smartthings.com,firmware update,TLS 1.2,1964,0.918
2019,smartthings-hub,fw-update2.smartthings.com,firmware update,TLS 1.2,1964,0.9215
2019,smartthings-hub,fw-update2.smartthings.com,firmware update,TLS 1.2,1964,0.9185
2019,smartthings-hub,fw-update2.smartthings.com,firmware update,TLS 1.2,1964,0.9198
2019,smartthings-hub,fw-update2.smartthings.com,firmware update,TLS 1.2,1964,0.9145
2019,smartthings-hub,fw-update2.smartthings.com,firmware update,TLS 1.2,1964,0.922
2019,smartthings-hub,fw-update2.smartthings.com,firmware update,TLS 1.2,1964,0.918
2019,smartthings-hub,fw-update2.smartthings.com,firmware update,TLS 1.2,1964,0.9204
2019,smartthings-hub,fw-update2.smartthings.com,firmware update,TLS 1.2,1964,0.9212
2019,smartthings-hub,fw-update2.smartthings.com,firmware update,TLS 1.2,1964,0.9185
2019,smartthings-hub,fw-update2.smartthings.com,firmware update,TLS 1.2,1964,0.9192
2019,smartthings-hub,fw-update2.smartthings.com,firmware update,TLS 1.2,1964,0.9171
2019,smartthings-hub,fw-update2.smartthings.com,firmware update,TLS 1.2,1964,0.9204
2019,smartthings-hub,fw-update2.smartthings.com,firmware update,TLS 1.2,1964,0.916
2019,smartthings-hub,fw-update2.smartthings.com,firmware update,TLS 1.2,1964,0.9176
2019,smartthings-hub,fw-update2.smartthings.com,firmware update,TLS 1.2,1964,0.92
2019,smartthings-hub,fw-update2.smartthings.com,firmware update,TLS 1.2,1964,0.9176
2019,smartthings-hub,fw-update2.smartthings.com,firmware update,TLS 1.2,1964,0.9206
2019,smartthings-hub,fw-update2.smartthings.com,firmware update,TLS 1.2,1964,0.9179
2019,smartthings-hub,fw-update2.smartthings.com,firmware update,TLS 1.2,1964,0.9188
2019,smartthings-hub,fw-update2.smartthings.com,firmware update,TLS 1.2,1964,0.9184
2019,smartthings-hub,fw-update2.smartthings.com,firmware update,TLS 1.2,1964,0.9174
2019,smartthings-hub,fw-update2.smartthings.com,firmware update,TLS 1.2,1964,0.9184
2019,smartthings-hub,fw-update2.smartthings.com,firmware update,TLS 1.2,1964,0.916
2019,smartthings-hub,fw-update2.smartthings.com,firmware update,TLS 1.2,1964,0.9184
2019,smartthings-hub,fw-update2.smartthings.com,firmware update,TLS 1.2,1964,0.9224
2019,smartthings-hub,fw-update2.smartthings.com,firmware update,TLS 1.2,1964,0.9202
2019,smartthings-hub,fw-update2.smartthings.com,firmware update,TLS 1.2,1964,0.9196
2019,smartthings-hub,fw-update2.smartthings.com,firmware update,TLS 1.2,1964,0.9198
2019,smartthings-hub,fw-update2.smartthings.com,firmware update,TLS 1.2,1964,0.9167
2019,smartthings-hub,fw-update2.smartthings.com,firmware update,TLS 1.2,1964,0.9176
2019,smartthings-hub,fw-update2.smartthings.com,firmware update,TLS 1.2,1964,0.9186
2019,smartthings-hub,fw-update2.smartthings.com,firmware update,TLS 1.2,1964,0.9181
2019,smartthings-hub,fw-update2.smartthings.com,firmware update,TLS 1.2,1964,0.9216
2019,smartthings-hub,fw-update2.smartthings.com,firmware update,TLS 1.2,1964,0.9174
2019,smartthings-hub,fw-update2.smartthings.com,firmware update,TLS 1.2,1964,0.9169
2019,smartthings-hub,fw-update2.smartthings.com,firmware update,TLS 1.2,1964,0.9168
2019,smartthings-hub,fw-update2.smartthings.com,firmware update,TLS 1.2,1964,0.9203
2019,smartthings-hub,fw-update2.smartthings.com,firmware update,TLS 1.2,1964,0.9201
2019,smartthings-hub,fw-update2.smartthings.com,firmware update,TLS 1.2,1964,0.9189
2019,smartthings-hub,fw-update2.smartthings.com,firmware update,TLS 1.2,1964,0.9213
2019,smartthings-hub,fw-update2.smartthings.com,firmware update,TLS 1.2,1964,0.9198
2019,smartthings-hub,fw-update2.smartthings.com,firmware update,TLS 1.2,1964,0.916
2019,smartthings-hub,fw-update2.smartthings.com,firmware update,TLS 1.2,1964,0.9199
2019,smartthings-hub,fw-update2.smartthings.com,firmware update,TLS 1.2,1964,0.9207
2019,smartthings-hub,fw-update2.smartthings.com,firmware update,TLS 1.2,1964,0.9212
2019,smartthings-hub,fw-update2.smartthings.com,firmware update,TLS 1.2,1964,0.9185
2019,smartthings-hub,fw-update2.smartthings.com,firmware update,TLS 1.2,1964,0.9186
2019,smartthings-hub,fw-update2.smartthings.com,firmware update,TLS 1.2,1964,0.9197
2019,smartthings-hub,fw-update2.smartthings.com,firmware update,TLS 1.2,1964,0.9143
2019,smartthings-hub,fw-update2.smartthings.com,firmware update,TLS 1.2,1964,0.9217
2019,smartthings-hub,fw-update2.smartthings.com,firmware update,TLS 1.2,1964,0.9183
2019,smartthings-hub,fw-update2.smartthings.com,firmware update,TLS 1.2,2323,0.9301
2019,smartthings-hub,fw-update2.smartthings.com,firmware update,TLS 1.2,1964,0.9172
2019,smartthings-hub,fw-update2.smartthings.com,firmware update,TLS 1.2,1964,0.9212
2019,smartthings-hub,fw-update2.smartthings.com,firmware update,TLS 1.2,1964,0.9191
2019,smartthings-hub,fw-update2.smartthings.com,firmware update,TLS 1.2,1964,0.9172
2019,smartthings-hub,fw-update2.smartthings.com,firmware update,TLS 1.2,1964,0.9175
2019,smartthings-hub,fw-update2.smartthings.com,firmware update,TLS 1.2,1964,0.9203
2019,smartthings-hub,fw-update2.smartthings.com,firmware update,TLS 1.2,1964,0.9189
2019,smartthings-hub,fw-update2.smartthings.com,firmware update,TLS 1.2,1964,0.9175
2019,smartthings-hub,fw-update2.smartthings.com,firmware update,TLS 1.2,1964,0.9182
2019,smartthings-hub,fw-update2.smartthings.com,firmware update,TLS 1.2,2323,0.9325
2019,smartthings-hub,fw-update2.smartthings.com,firmware update,TLS 1.2,1964,0.9234
2019,smartthings-hub,fw-update2.smartthings.com,firmware update,TLS 1.2,1964,0.916
2019,smartthings-hub,fw-update2.smartthings.com,firmware update,TLS 1.2,1964,0.9184
2019,smartthings-hub,fw-update2.smartthings.com,firmware update,TLS 1.2,1964,0.9184
2019,smartthings-hub,fw-update2.smartthings.com,firmware update,TLS 1.2,1964,0.9211
2019,smartthings-hub,fw-update2.smartthings.com,firmware update,TLS 1.2,1964,0.9199
2019,smartthings-hub,fw-update2.smartthings.com,firmware update,TLS 1.2,1964,0.9214
2019,smartthings-hub,fw-update2.smartthings.com,firmware update,TLS 1.2,1964,0.9201
2019,smartthings-hub,fw-update2.smartthings.com,firmware update,TLS 1.2,1964,0.9155
2019,smartthings-hub,fw-update2.smartthings.com,firmware update,TLS 1.2,1964,0.9187
2019,smartthings-hub,fw-update2.smartthings.com,firmware update,TLS 1.2,1964,0.916
2019,smartthings-hub,fw-update2.smartthings.com,firmware update,TLS 1.2,1964,0.9186
2019,smartthings-hub,fw-update2.smartthings.com,firmware update,TLS 1.2,1964,0.9158
2019,smartthings-hub,fw-update2.smartthings.com,firmware update,TLS 1.2,1964,0.921
2019,smartthings-hub,fw-update2.smartthings.com,firmware update,TLS 1.2,1964,0.9218
2019,smartthings-hub,fw-update2.smartthings.com,firmware update,TLS 1.2,1964,0.9198
2019,smartthings-hub,fw-update2.smartthings.com,firmware update,TLS 1.2,1964,0.9203
2019,smartthings-hub,fw-update2.smartthings.com,firmware update,TLS 1.2,1964,0.9188
2019,smartthings-hub,fw-update2.smartthings.com,firmware update,TLS 1.2,1964,0.9177
2019,smartthings-hub,fw-update2.smartthings.com,firmware update,TLS 1.2,1964,0.9197
2019,smartthings-hub,fw-update2.smartthings.com,firmware update,TLS 1.2,1964,0.9191
2019,smartthings-hub,fw-update2.smartthings.com,firmware update,TLS 1.2,1964,0.9205
2019,smartthings-hub,fw-update2.smartthings.com,firmware update,TLS 1.2,1964,0.9191
2019,smartthings-hub,fw-update2.smartthings.com,firmware update,TLS 1.2,1964,0.9196
2019,smartthings-hub,fw-update2.smartthings.com,firmware update,TLS 1.2,1964,0.9202
2019,smartthings-hub,fw-update2.smartthings.com,firmware update,TLS 1.2,1964,0.9198
2019,smartthings-hub,fw-update2.smartthings.com,firmware update,TLS 1.2,1964,0.9212
2019,smartthings-hub,fw-update2.smartthings.com,firmware update,TLS 1.2,1964,0.9189
2019,smartthings-hub,fw-update2.smartthings.com,firmware update,TLS 1.2,1964,0.9173
2019,smartthings-hub,fw-update2.smartthings.com,firmware update,TLS 1.2,1964,0.9204
2019,smartthings-hub,fw-update2.smartthings.com,firmware update,TLS 1.2,1964,0.9199
2019,smartthings-hub,fw-update2.smartthings.com,firmware update,TLS 1.2,1964,0.9215
2019,smartthings-hub,fw-update2.smartthings.com,firmware update,TLS 1.2,1964,0.9202
2019,smartthings-hub,fw-update2.smartthings.com,firmware update,TLS 1.2,1964,0.9168
2019,smartthings-hub,fw-update2.smartthings.com,firmware update,TLS 1.2,1964,0.9198
2019,smartthings-hub,fw-update2.smartthings.com,firmware update,TLS 1.2,1964,0.9221
2019,smartthings-hub,fw-update2.smartthings.com,firmware update,TLS 1.2,1964,0.919
2019,smartthings-hub,fw-update2.smartthings.com,firmware update,TLS 1.2,1964,0.9172
2019,smartthings-hub,fw-update2.smartthings.com,firmware update,TLS 1.2,1964,0.9195
2019,smartthings-hub,fw-update2.smartthings.com,firmware update,TLS 1.2,1964,0.9195
2019,smartthings-hub,fw-update2.smartthings.com,firmware update,TLS 1.2,1964,0.9194
2019,smartthings-hub,fw-update2.smartthings.com,firmware update,TLS 1.2,1964,0.9207
2019,smartthings-hub,fw-update2.smartthings.com,firmware update,TLS 1.2,1964,0.9178
2019,smartthings-hub,fw-update2.smartthings.com,firmware update,TLS 1.2,1964,0.9191
2019,smartthings-hub,fw-update2.smartthings.com,firmware update,TLS 1.2,1964,0.9202
2019,smartthings-hub,fw-update2.smartthings.com,firmware update,TLS 1.2,1964,0.9194
2019,smartthings-hub,fw-update2.smartthings.com,firmware update,TLS 1.2,1964,0.9176
2019,smartthings-hub,fw-update2.smartthings.com,firmware update,TLS 1.2,1964,0.9176
2019,smartthings-hub,fw-update2.smartthings.com,firmware update,TLS 1.2,1964,0.9223
2019,smartthings-hub,fw-update2.smartthings.com,firmware update,TLS 1.2,1964,0.9202
2019,smartthings-hub,fw-update2.smartthings.com,firmware update,TLS 1.2,1964,0.9208
2019,smartthings-hub,fw-update2.smartthings.com,firmware update,TLS 1.2,1964,0.9189
2019,smartthings-hub,fw-update2.smartthings.com,firmware update,TLS 1.2,1964,0.9194
2019,smartthings-hub,fw-update2.smartthings.com,firmware update,TLS 1.2,1964,0.92
2019,smartthings-hub,fw-update2.smartthings.com,firmware update,TLS 1.2,1964,0.9202
2019,smartthings-hub,fw-update2.smartthings.com,firmware update,TLS 1.2,1964,0.9196
2019,smartthings-hub,fw-update2.smartthings.com,firmware update,TLS 1.2,1964,0.9237
2019,smartthings-hub,fw-update2.smartthings.com,firmware update,TLS 1.2,1964,0.9208
2019,smartthings-hub,fw-update2.smartthings.com,firmware update,TLS 1.2,1964,0.9203
2019,smartthings-hub,fw-update2.smartthings.com,firmware update,TLS 1.2,2323,0.9371
2019,smartthings-hub,fw-update2.smartthings.com,firmware update,TLS 1.2,1964,0.9167
2019,smartthings-hub,fw-update2.smartthings.com,firmware update,TLS 1.2,1964,0.9212
2019,smartthings-hub,fw-update2.smartthings.com,firmware update,TLS 1.2,1964,0.9216
2019,smartthings-hub,fw-update2.smartthings.com,firmware update,TLS 1.2,1964,0.9179
2019,smartthings-hub,fw-update2.smartthings.com,firmware update,TLS 1.2,1964,0.9187
2019,smartthings-hub,fw-update2.smartthings.com,firmware update,TLS 1.2,1964,0.9198
2019,smartthings-hub,fw-update2.smartthings.com,firmware update,TLS 1.2,1964,0.9205
2019,smartthings-hub,fw-update2.smartthings.com,firmware update,TLS 1.2,1964,0.9199
2019,smartthings-hub,fw-update2.smartthings.com,firmware update,TLS 1.2,1964,0.9201
2019,smartthings-hub,fw-update2.smartthings.com,firmware update,TLS 1.2,1964,0.9202
2019,smartthings-hub,fw-update2.smartthings.com,firmware update,TLS 1.2,1964,0.9196
2019,smartthings-hub,fw-update2.smartthings.com,firmware update,TLS 1.2,1964,0.9198
2019,smartthings-hub,fw-update2.smartthings.com,firmware update,TLS 1.2,1964,0.9203
2019,smartthings-hub,fw-update2.smartthings.com,firmware update,TLS 1.2,1964,0.9177
2019,smartthings-hub,fw-update2.smartthings.com,firmware update,TLS 1.2,1964,0.9188
2019,smartthings-hub,fw-update2.smartthings.com,firmware update,TLS 1.2,1964,0.9176
2019,smartthings-hub,fw-update2.smartthings.com,firmware update,TLS 1.2,1964,0.9198
2019,smartthings-hub,fw-update2.smartthings.com,firmware update,TLS 1.2,1964,0.9173
2019,smartthings-hub,fw-update2.smartthings.com,firmware update,TLS 1.2,1964,0.9179
2019,smartthings-hub,fw-update2.smartthings.com,firmware update,TLS 1.2,1964,0.9173
2019,smartthings-hub,fw-update2.smartthings.com,firmware update,TLS 1.2,1964,0.9215
2019,smartthings-hub,fw-update2.smartthings.com,firmware update,TLS 1.2,1964,0.9222
2019,smartthings-hub,fw-update2.smartthings.com,firmware update,TLS 1.2,1964,0.9189
2019,smartthings-hub,fw-update2.smartthings.com,firmware update,TLS 1.2,1964,0.9224
2019,smartthings-hub,fw-update2.smartthings.com,firmware update,TLS 1.2,1964,0.9174
2019,smartthings-hub,fw-update2.smartthings.com,firmware update,TLS 1.2,1964,0.9189
2019,smartthings-hub,fw-update2.smartthings.com,firmware update,TLS 1.2,1964,0.9184
2019,smartthings-hub,fw-update2.smartthings.com,firmware update,TLS 1.2,1964,0.9203
2019,smartthings-hub,fw-update2.smartthings.com,firmware update,TLS 1.2,1964,0.9192
2019,smartthings-hub,fw-update2.smartthings.com,firmware update,TLS 1.2,1964,0.9197
2019,smartthings-hub,fw-update2.smartthings.com,firmware update,TLS 1.2,1964,0.9186
2019,smartthings-hub,fw-update2.smartthings.com,firmware update,TLS 1.2,1964,0.9201
2019,smartthings-hub,fw-update2.smartthings.com,firmware update,TLS 1.2,1964,0.9188
2019,smartthings-hub,fw-update2.smartthings.com,firmware update,TLS 1.2,1964,0.9177
2019,smartthings-hub,fw-update2.smartthings.com,firmware update,TLS 1.2,1964,0.9182
2019,smartthings-hub,fw-update2.smartthings.com,firmware update,TLS 1.2,1964,0.9194
2019,smartthings-hub,fw-update2.smartthings.com,firmware update,TLS 1.2,1964,0.9202
2019,smartthings-hub,fw-update2.smartthings.com,firmware update,TLS 1.2,1964,0.9164
2019,smartthings-hub,fw-update2.smartthings.com,firmware update,TLS 1.2,1964,0.9211
2019,smartthings-hub,fw-update2.smartthings.com,firmware update,TLS 1.2,1964,0.9163
2019,smartthings-hub,fw-update2.smartthings.com,firmware update,TLS 1.2,1964,0.9206
2019,smartthings-hub,fw-update2.smartthings.com,firmware update,TLS 1.2,1964,0.9189
2019,smartthings-hub,fw-update2.smartthings.com,firmware update,TLS 1.2,1964,0.9194
2019,smartthings-hub,fw-update2.smartthings.com,firmware update,TLS 1.2,1964,0.9191
2019,smartthings-hub,fw-update2.smartthings.com,firmware update,TLS 1.2,1964,0.919
2019,smartthings-hub,fw-update2.smartthings.com,firmware update,TLS 1.2,1964,0.9171
2019,smartthings-hub,fw-update2.smartthings.com,firmware update,TLS 1.2,1964,0.9204
2019,smartthings-hub,fw-update2.smartthings.com,firmware update,TLS 1.2,1964,0.9247
2019,smartthings-hub,fw-update2.smartthings.com,firmware update,TLS 1.2,1964,0.9192
2019,smartthings-hub,fw-update2.smartthings.com,firmware update,TLS 1.2,1964,0.9171
2019,smartthings-hub,fw-update2.smartthings.com,firmware update,TLS 1.2,1964,0.918
2019,smartthings-hub,fw-update2.smartthings.com,firmware update,TLS 1.2,1964,0.9218
2019,smartthings-hub,fw-update2.smartthings.com,firmware update,TLS 1.2,1964,0.9185
2019,smartthings-hub,fw-update2.smartthings.com,firmware update,TLS 1.2,1964,0.9162
2019,smartthings-hub,fw-update2.smartthings.com,firmware update,TLS 1.2,1964,0.9205
2019,smartthings-hub,fw-update2.smartthings.com,firmware update,TLS 1.2,1964,0.9167
2019,smartthings-hub,fw-update2.smartthings.com,firmware update,TLS 1.2,1964,0.9192
2019,smartthings-hub,fw-update2.smartthings.com,firmware update,TLS 1.2,1964,0.9185
2019,smartthings-hub,fw-update2.smartthings.com,firmware update,TLS 1.2,1964,0.9186
2019,smartthings-hub,fw-update2.smartthings.com,firmware update,TLS 1.2,1964,0.9207
2019,smartthings-hub,fw-update2.smartthings.com,firmware update,TLS 1.2,1964,0.9182
2019,smartthings-hub,fw-update2.smartthings.com,firmware update,TLS 1.2,1964,0.9207
2019,smartthings-hub,fw-update2.smartthings.com,firmware update,TLS 1.2,1964,0.9183
2019,smartthings-hub,fw-update2.smartthings.com,firmware update,TLS 1.2,1964,0.9179
2019,smartthings-hub,fw-update2.smartthings.com,firmware update,TLS 1.2,1964,0.9185
2019,smartthings-hub,fw-update2.smartthings.com,firmware update,TLS 1.2,1964,0.9185
2019,smartthings-hub,fw-update2.smartthings.com,firmware update,TLS 1.2,1964,0.9202
2019,smartthings-hub,fw-update2.smartthings.com,firmware update,TLS 1.2,1964,0.9177
2019,smartthings-hub,fw-update2.smartthings.com,firmware update,TLS 1.2,1964,0.9142
2019,smartthings-hub,fw-update2.smartthings.com,firmware update,TLS 1.2,1964,0.9208
2019,smartthings-hub,fw-update2.smartthings.com,firmware update,TLS 1.2,1964,0.9174
2019,smartthings-hub,fw-update2.smartthings.com,firmware update,TLS 1.2,1964,0.9215
2019,smartthings-hub,fw-update2.smartthings.com,firmware update,TLS 1.2,1964,0.9159
2019,smartthings-hub,fw-update2.smartthings.com,firmware update,TLS 1.2,1964,0.9185
2019,smartthings-hub,fw-update2.smartthings.com,firmware update,TLS 1.2,1964,0.9199
2019,smartthings-hub,fw-update2.smartthings.com,firmware update,TLS 1.2,1964,0.9215
2019,smartthings-hub,fw-update2.smartthings.com,firmware update,TLS 1.2,1964,0.9211
2019,smartthings-hub,fw-update2.smartthings.com,firmware update,TLS 1.2,1964,0.9189
2019,smartthings-hub,fw-update2.smartthings.com,firmware update,TLS 1.2,1964,0.9223
2019,smartthings-hub,fw-update2.smartthings.com,firmware update,TLS 1.2,1964,0.9185
2019,smartthings-hub,fw-update2.smartthings.com,firmware update,TLS 1.2,1964,0.9213
2019,smartthings-hub,fw-update2.smartthings.com,firmware update,TLS 1.2,1964,0.9171
2019,smartthings-hub,fw-update2.smartthings.com,firmware update,TLS 1.2,1964,0.9191
2019,smartthings-hub,fw-update2.smartthings.com,firmware update,TLS 1.2,1964,0.9177
2019,smartthings-hub,fw-update2.smartthings.com,firmware update,TLS 1.2,1964,0.9183
2019,smartthings-hub,fw-update2.smartthings.com,firmware update,TLS 1.2,1964,0.9208
2019,smartthings-hub,fw-update2.smartthings.com,firmware update,TLS 1.2,1964,0.9222
2019,smartthings-hub,fw-update2.smartthings.com,firmware update,TLS 1.2,1964,0.9188
2019,smartthings-hub,fw-update2.smartthings.com,firmware update,TLS 1.2,1964,0.9214
2019,smartthings-hub,fw-update2.smartthings.com,firmware update,TLS 1.2,1964,0.9205
2019,smartthings-hub,fw-update2.smartthings.com,firmware update,TLS 1.2,1964,0.9205
2019,smartthings-hub,fw-update2.smartthings.com,firmware update,TLS 1.2,1964,0.9175
2019,smartthings-hub,fw-update2.smartthings.com,firmware update,TLS 1.2,1964,0.9198
2019,smartthings-hub,fw-update2.smartthings.com,firmware update,TLS 1.2,1964,0.9161
2019,smartthings-hub,fw-update2.smartthings.com,firmware update,TLS 1.2,1964,0.9209
2019,smartthings-hub,fw-update2.smartthings.com,firmware update,TLS 1.2,1964,0.9189
2019,smartthings-hub,fw-update2.smartthings.com,firmware update,TLS 1.2,2323,0.9306
2019,smartthings-hub,fw-update2.smartthings.com,firmware update,TLS 1.2,1964,0.9214
2019,smartthings-hub,fw-update2.smartthings.com,firmware update,TLS 1.2,1964,0.9192
2019,smartthings-hub,fw-update2.smartthings.com,firmware update,TLS 1.2,1964,0.9188
2019,smartthings-hub,fw-update2.smartthings.com,firmware update,TLS 1.2,1964,0.9199
2019,smartthings-hub,fw-update2.smartthings.com,firmware update,TLS 1.2,1964,0.9175
2019,smartthings-hub,fw-update2.smartthings.com,firmware update,TLS 1.2,1964,0.9164
2019,smartthings-hub,fw-update2.smartthings.com,firmware update,TLS 1.2,1964,0.9206
2019,smartthings-hub,fw-update2.smartthings.com,firmware update,TLS 1.2,1964,0.9166
2019,smartthings-hub,fw-update2.smartthings.com,firmware update,TLS 1.2,1964,0.9211
2019,smartthings-hub,fw-update2.smartthings.com,firmware update,TLS 1.2,1964,0.9199
2019,smartthings-hub,fw-update2.smartthings.com,firmware update,TLS 1.2,1964,0.9186
2019,smartthings-hub,fw-update2.smartthings.com,firmware update,TLS 1.2,1964,0.9199
2019,smartthings-hub,fw-update2.smartthings.com,firmware update,TLS 1.2,1964,0.9187
2019,smartthings-hub,fw-update2.smartthings.com,firmware update,TLS 1.2,1964,0.9151
2019,smartthings-hub,fw-update2.smartthings.com,firmware update,TLS 1.2,1964,0.92
2019,smartthings-hub,fw-update2.smartthings.com,firmware update,TLS 1.2,1964,0.9198
2019,smartthings-hub,fw-update2.smartthings.com,firmware update,TLS 1.2,1964,0.9186
2019,smartthings-hub,fw-update2.smartthings.com,firmware update,TLS 1.2,1964,0.9199
2019,smartthings-hub,fw-update2.smartthings.com,firmware update,TLS 1.2,1964,0.9197
2019,smartthings-hub,fw-update2.smartthings.com,firmware update,TLS 1.2,2323,0.9269
2019,smartthings-hub,fw-update2.smartthings.com,firmware update,TLS 1.2,1964,0.9153
2019,smartthings-hub,fw-update2.smartthings.com,firmware update,TLS 1.2,1964,0.9229
2019,smartthings-hub,fw-update2.smartthings.com,firmware update,TLS 1.2,1964,0.9187
2019,smartthings-hub,fw-update2.smartthings.com,firmware update,TLS 1.2,1964,0.9165
2019,smartthings-hub,fw-update2.smartthings.com,firmware update,TLS 1.2,1964,0.9183
2019,smartthings-hub,fw-update2.smartthings.com,firmware update,TLS 1.2,1964,0.9191
2019,smartthings-hub,fw-update2.smartthings.com,firmware update,TLS 1.2,1964,0.9191
2019,smartthings-hub,fw-update2.smartthings.com,firmware update,TLS 1.2,1964,0.9207
2019,smartthings-hub,fw-update2.smartthings.com,firmware update,TLS 1.2,1964,0.9206
2019,smartthings-hub,fw-update2.smartthings.com,firmware update,TLS 1.2,1964,0.9185
2019,smartthings-hub,fw-update2.smartthings.com,firmware update,TLS 1.2,1964,0.9194
2019,smartthings-hub,fw-update2.smartthings.com,firmware update,TLS 1.2,1964,0.9212
2019,smartthings-hub,fw-update2.smartthings.com,firmware update,TLS 1.2,1964,0.9202
2019,smartthings-hub,fw-update2.smartthings.com,firmware update,TLS 1.2,1964,0.9188
2019,smartthings-hub,fw-update2.smartthings.com,firmware update,TLS 1.2,1964,0.9155
2019,smartthings-hub,fw-update2.smartthings.com,firmware update,TLS 1.2,1964,0.919
2019,smartthings-hub,fw-update2.smartthings.com,firmware update,TLS 1.2,1964,0.9224
2019,smartthings-hub,fw-update2.smartthings.com,firmware update,TLS 1.2,1964,0.9213
2019,smartthings-hub,fw-update2.smartthings.com,firmware update,TLS 1.2,1964,0.9204
2019,smartthings-hub,fw-update2.smartthings.com,firmware update,TLS 1.2,1964,0.918
2019,smartthings-hub,fw-update2.smartthings.com,firmware update,TLS 1.2,1964,0.9198
2019,smartthings-hub,fw-update2.smartthings.com,firmware update,TLS 1.2,1964,0.9196
2019,smartthings-hub,fw-update2.smartthings.com,firmware update,TLS 1.2,1964,0.9208
2019,smartthings-hub,fw-update2.smartthings.com,firmware update,TLS 1.2,1964,0.9188
2019,smartthings-hub,fw-update2.smartthings.com,firmware update,TLS 1.2,1964,0.9191
2019,smartthings-hub,fw-update2.smartthings.com,firmware update,TLS 1.2,1964,0.9195
2019,smartthings-hub,fw-update2.smartthings.com,firmware update,TLS 1.2,1964,0.9193
2019,smartthings-hub,fw-update2.smartthings.com,firmware update,TLS 1.2,1964,0.9175
2019,smartthings-hub,fw-update2.smartthings.com,firmware update,TLS 1.2,1964,0.9197
2019,smartthings-hub,fw-update2.smartthings.com,firmware update,TLS 1.2,1964,0.9179
2019,smartthings-hub,fw-update2.smartthings.com,firmware update,TLS 1.2,1964,0.9169
2019,smartthings-hub,fw-update2.smartthings.com,firmware update,TLS 1.2,1964,0.9206
2019,smartthings-hub,fw-update2.smartthings.com,firmware update,TLS 1.2,1964,0.9208
2019,smartthings-hub,fw-update2.smartthings.com,firmware update,TLS 1.2,1964,0.9186
2019,smartthings-hub,fw-update2.smartthings.com,firmware update,TLS 1.2,1964,0.9179
2019,smartthings-hub,fw-update2.smartthings.com,firmware update,TLS 1.2,1964,0.9196
2019,smartthings-hub,fw-update2.smartthings.com,firmware update,TLS 1.2,1964,0.9153
2019,smartthings-hub,fw-update2.smartthings.com,firmware update,TLS 1.2,1964,0.9221
2019,smartthings-hub,fw-update2.smartthings.com,firmware update,TLS 1.2,1964,0.9201
2019,smartthings-hub,fw-update2.smartthings.com,firmware update,TLS 1.2,1964,0.9161
2019,smartthings-hub,fw-update2.smartthings.com,firmware update,TLS 1.2,1964,0.9186
2019,smartthings-hub,fw-update2.smartthings.com,firmware update,TLS 1.2,1964,0.9185
2019,smartthings-hub,fw-update2.smartthings.com,firmware update,TLS 1.2,1964,0.9173
2019,smartthings-hub,fw-update2.smartthings.com,firmware update,TLS 1.2,1964,0.9185
2019,smartthings-hub,fw-update2.smartthings.com,firmware update,TLS 1.2,1964,0.9199
2019,smartthings-hub,fw-update2.smartthings.com,firmware update,TLS 1.2,1964,0.9204
2019,smartthings-hub,fw-update2.smartthings.com,firmware update,TLS 1.2,1964,0.9214
2019,smartthings-hub,fw-update2.smartthings.com,firmware update,TLS 1.2,1964,0.9189
2019,smartthings-hub,fw-update2.smartthings.com,firmware update,TLS 1.2,1964,0.9206
2019,smartthings-hub,fw-update2.smartthings.com,firmware update,TLS 1.2,1964,0.9231
2019,smartthings-hub,fw-update2.smartthings.com,firmware update,TLS 1.2,1964,0.919
2019,smartthings-hub,fw-update2.smartthings.com,firmware update,TLS 1.2,1964,0.9189
2019,smartthings-hub,fw-update2.smartthings.com,firmware update,TLS 1.2,1964,0.9199
2019,smartthings-hub,fw-update2.smartthings.com,firmware update,TLS 1.2,1964,0.9197
2019,smartthings-hub,fw-update2.smartthings.com,firmware update,TLS 1.2,1964,0.9163
2019,smartthings-hub,fw-update2.smartthings.com,firmware update,TLS 1.2,1964,0.9147
2019,smartthings-hub,fw-update2.smartthings.com,firmware update,TLS 1.2,1964,0.9191
2019,smartthings-hub,fw-update2.smartthings.com,firmware update,TLS 1.2,1964,0.9168
2019,smartthings-hub,fw-update2.smartthings.com,firmware update,TLS 1.2,1964,0.9162
2019,smartthings-hub,fw-update2.smartthings.com,firmware update,TLS 1.2,1964,0.922
2019,smartthings-hub,fw-update2.smartthings.com,firmware update,TLS 1.2,1964,0.9199
2019,smartthings-hub,fw-update2.smartthings.com,firmware update,TLS 1.2,1964,0.9207
2019,smartthings-hub,fw-update2.smartthings.com,firmware update,TLS 1.2,1964,0.9215
2019,smartthings-hub,fw-update2.smartthings.com,firmware update,TLS 1.2,1964,0.9157
2019,smartthings-hub,fw-update2.smartthings.com,firmware update,TLS 1.2,1964,0.9214
2019,smartthings-hub,fw-update2.smartthings.com,firmware update,TLS 1.2,1964,0.9179
2019,smartthings-hub,fw-update2.smartthings.com,firmware update,TLS 1.2,1964,0.9176
2019,smartthings-hub,fw-update2.smartthings.com,firmware update,TLS 1.2,1964,0.922
2019,smartthings-hub,fw-update2.smartthings.com,firmware update,TLS 1.2,1964,0.9208
2019,smartthings-hub,fw-update2.smartthings.com,firmware update,TLS 1.2,1964,0.9184
2019,smartthings-hub,fw-update2.smartthings.com,firmware update,TLS 1.2,1964,0.9183
2019,smartthings-hub,fw-update2.smartthings.com,firmware update,TLS 1.2,1964,0.9191
2019,smartthings-hub,fw-update2.smartthings.com,firmware update,TLS 1.2,1964,0.9184
2019,smartthings-hub,fw-update2.smartthings.com,firmware update,TLS 1.2,1964,0.9226
2019,smartthings-hub,fw-update2.smartthings.com,firmware update,TLS 1.2,1964,0.9169
2019,smartthings-hub,fw-update2.smartthings.com,firmware update,TLS 1.2,1964,0.9196
2019,smartthings-hub,fw-update2.smartthings.com,firmware update,TLS 1.2,1964,0.9214
2019,smartthings-hub,fw-update2.smartthings.com,firmware update,TLS 1.2,1964,0.9184
2019,smartthings-hub,fw-update2.smartthings.com,firmware update,TLS 1.2,1964,0.9169
2019,smartthings-hub,fw-update2.smartthings.com,firmware update,TLS 1.2,1964,0.9154
2019,smartthings-hub,fw-update2.smartthings.com,firmware update,TLS 1.2,1964,0.9208
2019,smartthings-hub,fw-update2.smartthings.com,firmware update,TLS 1.2,1964,0.9212
2019,t-echodot,softwareupdates.amazon.com,update check,TLS 1.2,6405,0.9525
2019,t-echodot,softwareupdates.amazon.com,update check,TLS 1.2,6405,0.9527
2019,t-smartthings-hub,fw-update2.smartthings.com,firmware update,TLS 1.2,1964,0.9187
2019,t-smartthings-hub,fw-update2.smartthings.com,firmware update,TLS 1.2,1964,0.9182
2019,t-smartthings-hub,fw-update2.smartthings.com,firmware update,TLS 1.2,1964,0.9189
2019,t-smartthings-hub,fw-update2.smartthings.com,firmware update,TLS 1.2,1964,0.9175
2019,t-smartthings-hub,fw-update2.smartthings.com,firmware update,TLS 1.2,1964,0.917
2019,t-smartthings-hub,fw-update2.smartthings.com,firmware update,TLS 1.2,1964,0.9195
2019,t-smartthings-hub,fw-update2.smartthings.com,firmware update,TLS 1.2,1964,0.9205
2019,t-smartthings-hub,fw-update2.smartthings.com,firmware update,TLS 1.2,1964,0.9182
2019,t-smartthings-hub,fw-update2.smartthings.com,firmware update,TLS 1.2,1964,0.9199
2019,t-smartthings-hub,fw-update2.smartthings.com,firmware update,TLS 1.2,1964,0.9192
2019,t-smartthings-hub,fw-update2.smartthings.com,firmware update,TLS 1.2,1964,0.9203
2019,t-smartthings-hub,fw-update2.smartthings.com,firmware update,TLS 1.2,1964,0.9197
2019,t-smartthings-hub,fw-update2.smartthings.com,firmware update,TLS 1.2,1964,0.9201
2019,t-smartthings-hub,fw-update2.smartthings.com,firmware update,TLS 1.2,1964,0.9174
2019,t-smartthings-hub,fw-update2.smartthings.com,firmware update,TLS 1.2,1964,0.9201
2019,t-smartthings-hub,fw-update2.smartthings.com,firmware update,TLS 1.2,1964,0.9207
2019,t-smartthings-hub,fw-update2.smartthings.com,firmware update,TLS 1.2,1964,0.9193
2019,t-smartthings-hub,fw-update2.smartthings.com,firmware update,TLS 1.2,2323,0.9324
2019,t-smartthings-hub,fw-update2.smartthings.com,firmware update,TLS 1.2,1964,0.9189
2019,t-smartthings-hub,fw-update2.smartthings.com,firmware update,TLS 1.2,1964,0.9184
2019,t-smartthings-hub,fw-update2.smartthings.com,firmware update,TLS 1.2,1964,0.9173
2019,t-smartthings-hub,fw-update2.smartthings.com,firmware update,TLS 1.2,1964,0.9178
2019,t-smartthings-hub,fw-update2.smartthings.com,firmware update,TLS 1.2,1964,0.9192
2019,t-smartthings-hub,fw-update2.smartthings.com,firmware update,TLS 1.2,1964,0.9199
2019,t-smartthings-hub,fw-update2.smartthings.com,firmware update,TLS 1.2,1964,0.9183
2019,t-smartthings-hub,fw-update2.smartthings.com,firmware update,TLS 1.2,1964,0.9174
2019,t-smartthings-hub,fw-update2.smartthings.com,firmware update,TLS 1.2,1964,0.9213
2019,t-smartthings-hub,fw-update2.smartthings.com,firmware update,TLS 1.2,1964,0.9164
2019,t-smartthings-hub,fw-update2.smartthings.com,firmware update,TLS 1.2,1964,0.918
2019,t-smartthings-hub,fw-update2.smartthings.com,firmware update,TLS 1.2,1964,0.9187
2019,t-smartthings-hub,fw-update2.smartthings.com,firmware update,TLS 1.2,1964,0.92
2019,t-smartthings-hub,fw-update2.smartthings.com,firmware update,TLS 1.2,1964,0.9198
2019,t-smartthings-hub,fw-update2.smartthings.com,firmware update,TLS 1.2,1964,0.921
2019,t-smartthings-hub,fw-update2.smartthings.com,firmware update,TLS 1.2,1964,0.92
2019,t-smartthings-hub,fw-update2.smartthings.com,firmware update,TLS 1.2,1964,0.9213
2019,t-smartthings-hub,fw-update2.smartthings.com,firmware update,TLS 1.2,1964,0.9185
2019,t-smartthings-hub,fw-update2.smartthings.com,firmware update,TLS 1.2,1964,0.9241
2019,t-smartthings-hub,fw-update2.smartthings.com,firmware update,TLS 1.2,1964,0.9202
2019,t-smartthings-hub,fw-update2.smartthings.com,firmware update,TLS 1.2,1964,0.9191
2019,t-smartthings-hub,fw-update2.smartthings.com,firmware update,TLS 1.2,1964,0.918
2019,t-smartthings-hub,fw-update2.smartthings.com,firmware update,TLS 1.2,1964,0.9193
2019,t-smartthings-hub,fw-update2.smartthings.com,firmware update,TLS 1.2,1964,0.9143
2019,t-smartthings-hub,fw-update2.smartthings.com,firmware update,TLS 1.2,1964,0.9174
2019,t-smartthings-hub,fw-update2.smartthings.com,firmware update,TLS 1.2,1964,0.9188
2019,t-smartthings-hub,fw-update2.smartthings.com,firmware update,TLS 1.2,1964,0.9184
2019,t-smartthings-hub,fw-update2.smartthings.com,firmware update,TLS 1.2,1964,0.9193
2019,t-smartthings-hub,fw-update2.smartthings.com,firmware update,TLS 1.2,1964,0.9197
2019,t-smartthings-hub,fw-update2.smartthings.com,firmware update,TLS 1.2,1964,0.9202
2019,t-smartthings-hub,fw-update2.smartthings.com,firmware update,TLS 1.2,1964,0.9213
2019,t-smartthings-hub,fw-update2.smartthings.com,firmware update,TLS 1.2,1964,0.9178
2019,t-smartthings-hub,fw-update2.smartthings.com,firmware update,TLS 1.2,1964,0.9187
2019,t-smartthings-hub,fw-update2.smartthings.com,firmware update,TLS 1.2,1964,0.9192
2019,t-smartthings-hub,fw-update2.smartthings.com,firmware update,TLS 1.2,1964,0.9196
2019,t-smartthings-hub,fw-update2.smartthings.com,firmware update,TLS 1.2,1964,0.9181
2019,t-smartthings-hub,fw-update2.smartthings.com,firmware update,TLS 1.2,1964,0.9179
2019,t-smartthings-hub,fw-update2.smartthings.com,firmware update,TLS 1.2,1964,0.9191
2019,t-smartthings-hub,fw-update2.smartthings.com,firmware update,TLS 1.2,1964,0.9177
2019,t-smartthings-hub,fw-update2.smartthings.com,firmware update,TLS 1.2,1964,0.9199
2019,t-smartthings-hub,fw-update2.smartthings.com,firmware update,TLS 1.2,1964,0.9212
2019,t-smartthings-hub,fw-update2.smartthings.com,firmware update,TLS 1.2,1964,0.9225
2019,t-smartthings-hub,fw-update2.smartthings.com,firmware update,TLS 1.2,1964,0.9184
2019,t-smartthings-hub,fw-update2.smartthings.com,firmware update,TLS 1.2,1964,0.921
2019,t-smartthings-hub,fw-update2.smartthings.com,firmware update,TLS 1.2,1964,0.9197
2019,t-smartthings-hub,fw-update2.smartthings.com,firmware update,TLS 1.2,1964,0.9178
2019,t-smartthings-hub,fw-update2.smartthings.com,firmware update,TLS 1.2,1964,0.9207
2019,t-smartthings-hub,fw-update2.smartthings.com,firmware update,TLS 1.2,1964,0.9164
2019,t-smartthings-hub,fw-update2.smartthings.com,firmware update,TLS 1.2,1964,0.919
2019,t-smartthings-hub,fw-update2.smartthings.com,firmware update,TLS 1.2,1964,0.9182
2019,t-smartthings-hub,fw-update2.smartthings.com,firmware update,TLS 1.2,1964,0.9189
2019,t-smartthings-hub,fw-update2.smartthings.com,firmware update,TLS 1.2,1964,0.9204
2019,t-smartthings-hub,fw-update2.smartthings.com,firmware update,TLS 1.2,1964,0.92
2019,t-smartthings-hub,fw-update2.smartthings.com,firmware update,TLS 1.2,1964,0.9207
2019,t-smartthings-hub,fw-update2.smartthings.com,firmware update,TLS 1.2,1964,0.9188
2019,t-smartthings-hub,fw-update2.smartthings.com,firmware update,TLS 1.2,1964,0.9195
2019,t-smartthings-hub,fw-update2.smartthings.com,firmware update,TLS 1.2,1964,0.9151
2019,t-smartthings-hub,fw-update2.smartthings.com,firmware update,TLS 1.2,1964,0.9161
2019,t-smartthings-hub,fw-update2.smartthings.com,firmware update,TLS 1.2,1964,0.9202
2019,t-smartthings-hub,fw-update2.smartthings.com,firmware update,TLS 1.2,1964,0.9174
2019,t-smartthings-hub,fw-update2.smartthings.com,firmware update,TLS 1.2,1964,0.9174
2019,t-smartthings-hub,fw-update2.smartthings.com,firmware update,TLS 1.2,1964,0.9197
2019,t-smartthings-hub,fw-update2.smartthings.com,firmware update,TLS 1.2,1964,0.9195
2019,t-smartthings-hub,fw-update2.smartthings.com,firmware update,TLS 1.2,1964,0.9196
2019,t-smartthings-hub,fw-update2.smartthings.com,firmware update,TLS 1.2,1964,0.919
2019,t-smartthings-hub,fw-update2.smartthings.com,firmware update,TLS 1.2,1964,0.9157
2019,t-smartthings-hub,fw-update2.smartthings.com,firmware update,TLS 1.2,1964,0.9181
2019,t-smartthings-hub,fw-update2.smartthings.com,firmware update,TLS 1.2,1964,0.9172
2019,t-smartthings-hub,fw-update2.smartthings.com,firmware update,TLS 1.2,1964,0.9203
2019,t-smartthings-hub,fw-update2.smartthings.com,firmware update,TLS 1.2,1964,0.9172
2019,t-smartthings-hub,fw-update2.smartthings.com,firmware update,TLS 1.2,1964,0.9208
2019,t-smartthings-hub,fw-update2.smartthings.com,firmware update,TLS 1.2,1964,0.9187
2019,t-smartthings-hub,fw-update2.smartthings.com,firmware update,TLS 1.2,2323,0.9297
2019,t-smartthings-hub,fw-update2.smartthings.com,firmware update,TLS 1.2,1964,0.9197
2019,t-smartthings-hub,fw-update2.smartthings.com,firmware update,TLS 1.2,1964,0.9211
2019,t-smartthings-hub,fw-update2.smartthings.com,firmware update,TLS 1.2,1964,0.9174
2019,t-smartthings-hub,fw-update2.smartthings.com,firmware update,TLS 1.2,1964,0.9171
2019,t-smartthings-hub,fw-update2.smartthings.com,firmware update,TLS 1.2,1964,0.9201
2019,t-smartthings-hub,fw-update2.smartthings.com,firmware update,TLS 1.2,1964,0.9194
2019,t-smartthings-hub,fw-update2.smartthings.com,firmware update,TLS 1.2,1964,0.9192
2019,t-smartthings-hub,fw-update2.smartthings.com,firmware update,TLS 1.2,1964,0.9163
2019,t-smartthings-hub,fw-update2.smartthings.com,firmware update,TLS 1.2,1964,0.9213
2019,t-smartthings-hub,fw-update2.smartthings.com,firmware update,TLS 1.2,1964,0.9193
2019,t-smartthings-hub,fw-update2.smartthings.com,firmware update,TLS 1.2,1964,0.9181
2019,t-smartthings-hub,fw-update2.smartthings.com,firmware update,TLS 1.2,1964,0.9182
2019,t-smartthings-hub,fw-update2.smartthings.com,firmware update,TLS 1.2,1964,0.9192
2019,t-smartthings-hub,fw-update2.smartthings.com,firmware update,TLS 1.2,1964,0.9187
2019,t-smartthings-hub,fw-update2.smartthings.com,firmware update,TLS 1.2,1964,0.9193
2019,t-smartthings-hub,fw-update2.smartthings.com,firmware update,TLS 1.2,1964,0.9204
2019,t-smartthings-hub,fw-update2.smartthings.com,firmware update,TLS 1.2,1964,0.9188
2019,t-smartthings-hub,fw-update2.smartthings.com,firmware update,TLS 1.2,1964,0.917
2019,t-smartthings-hub,fw-update2.smartthings.com,firmware update,TLS 1.2,1964,0.9199
2019,t-smartthings-hub,fw-update2.smartthings.com,firmware update,TLS 1.2,1964,0.9177
2019,t-smartthings-hub,fw-update2.smartthings.com,firmware update,TLS 1.2,1964,0.9189
2019,t-smartthings-hub,fw-update2.smartthings.com,firmware update,TLS 1.2,1964,0.9219
2019,t-smartthings-hub,fw-update2.smartthings.com,firmware update,TLS 1.2,1964,0.918
2019,t-smartthings-hub,fw-update2.smartthings.com,firmware update,TLS 1.2,1964,0.9188
2019,t-smartthings-hub,fw-update2.smartthings.com,firmware update,TLS 1.2,1964,0.9221
2019,t-smartthings-hub,fw-update2.smartthings.com,firmware update,TLS 1.2,1964,0.9186
2019,t-smartthings-hub,fw-update2.smartthings.com,firmware update,TLS 1.2,1964,0.9171
2019,t-smartthings-hub,fw-update2.smartthings.com,firmware update,TLS 1.2,1964,0.9198
2019,t-smartthings-hub,fw-update2.smartthings.com,firmware update,TLS 1.2,1964,0.9176
2019,t-smartthings-hub,fw-update2.smartthings.com,firmware update,TLS 1.2,1964,0.9197
2019,t-smartthings-hub,fw-update2.smartthings.com,firmware update,TLS 1.2,1964,0.9192
2019,t-smartthings-hub,fw-update2.smartthings.com,firmware update,TLS 1.2,1964,0.9193
2019,t-smartthings-hub,fw-update2.smartthings.com,firmware update,TLS 1.2,1964,0.9199
2019,t-smartthings-hub,fw-update2.smartthings.com,firmware update,TLS 1.2,1964,0.9198
2019,t-smartthings-hub,fw-update2.smartthings.com,firmware update,TLS 1.2,1964,0.9187
2019,t-smartthings-hub,fw-update2.smartthings.com,firmware update,TLS 1.2,1964,0.9205
2019,t-smartthings-hub,fw-update2.smartthings.com,firmware update,TLS 1.2,1964,0.9184
2019,t-smartthings-hub,fw-update2.smartthings.com,firmware update,TLS 1.2,1964,0.9231
2019,t-smartthings-hub,fw-update2.smartthings.com,firmware update,TLS 1.2,1964,0.916
2019,t-smartthings-hub,fw-update2.smartthings.com,firmware update,TLS 1.2,1964,0.9201
2019,t-smartthings-hub,fw-update2.smartthings.com,firmware update,TLS 1.2,1964,0.9153
2019,t-smartthings-hub,fw-update2.smartthings.com,firmware update,TLS 1.2,1964,0.9192
2019,t-smartthings-hub,fw-update2.smartthings.com,firmware update,TLS 1.2,1964,0.9212
2019,t-smartthings-hub,fw-update2.smartthings.com,firmware update,TLS 1.2,1964,0.9177
2019,t-smartthings-hub,fw-update2.smartthings.com,firmware update,TLS 1.2,1964,0.9208
2019,t-smartthings-hub,fw-update2.smartthings.com,firmware update,TLS 1.2,1964,0.9187
2019,t-smartthings-hub,fw-update2.smartthings.com,firmware update,TLS 1.2,1964,0.9173
2019,t-smartthings-hub,fw-update2.smartthings.com,firmware update,TLS 1.2,1964,0.9214
2019,t-smartthings-hub,fw-update2.smartthings.com,firmware update,TLS 1.2,1964,0.9182
2019,t-smartthings-hub,fw-update2.smartthings.com,firmware update,TLS 1.2,1964,0.9187
2019,t-smartthings-hub,fw-update2.smartthings.com,firmware update,TLS 1.2,1964,0.9184
2019,t-smartthings-hub,fw-update2.smartthings.com,firmware update,TLS 1.2,1964,0.9213
2019,t-smartthings-hub,fw-update2.smartthings.com,firmware update,TLS 1.2,1964,0.9179
2019,t-smartthings-hub,fw-update2.smartthings.com,firmware update,TLS 1.2,1964,0.9208
2019,t-smartthings-hub,fw-update2.smartthings.com,firmware update,TLS 1.2,1964,0.9197
2019,t-smartthings-hub,fw-update2.smartthings.com,firmware update,TLS 1.2,1964,0.9215
2019,t-smartthings-hub,fw-update2.smartthings.com,firmware update,TLS 1.2,1964,0.9175
2019,t-smartthings-hub,fw-update2.smartthings.com,firmware update,TLS 1.2,1964,0.9193
2019,t-smartthings-hub,fw-update2.smartthings.com,firmware update,TLS 1.2,1964,0.9203
2019,t-smartthings-hub,fw-update2.smartthings.com,firmware update,TLS 1.2,1964,0.9174
2019,t-smartthings-hub,fw-update2.smartthings.com,firmware update,TLS 1.2,1964,0.9215
2019,t-smartthings-hub,fw-update2.smartthings.com,firmware update,TLS 1.2,1964,0.9174
2019,t-smartthings-hub,fw-update2.smartthings.com,firmware update,TLS 1.2,1964,0.9152
2019,t-smartthings-hub,fw-update2.smartthings.com,firmware update,TLS 1.2,1964,0.9175
2019,t-smartthings-hub,fw-update2.smartthings.com,firmware update,TLS 1.2,1964,0.9209
2019,t-smartthings-hub,fw-update2.smartthings.com,firmware update,TLS 1.2,1964,0.9141
2019,t-smartthings-hub,fw-update2.smartthings.com,firmware update,TLS 1.2,1964,0.9173
2019,t-smartthings-hub,fw-update2.smartthings.com,firmware update,TLS 1.2,1964,0.9192
2019,t-smartthings-hub,fw-update2.smartthings.com,firmware update,TLS 1.2,1964,0.9162
2019,t-smartthings-hub,fw-update2.smartthings.com,firmware update,TLS 1.2,1964,0.9201
2019,t-smartthings-hub,fw-update2.smartthings.com,firmware update,TLS 1.2,1964,0.9171
2019,t-smartthings-hub,fw-update2.smartthings.com,firmware update,TLS 1.2,1964,0.9206
2019,t-smartthings-hub,fw-update2.smartthings.com,firmware update,TLS 1.2,1964,0.9184
2019,t-smartthings-hub,fw-update2.smartthings.com,firmware update,TLS 1.2,1964,0.9183
2019,t-smartthings-hub,fw-update2.smartthings.com,firmware update,TLS 1.2,1964,0.9183
2019,t-smartthings-hub,fw-update2.smartthings.com,firmware update,TLS 1.2,1964,0.9193
2019,t-smartthings-hub,fw-update2.smartthings.com,firmware update,TLS 1.2,1964,0.9204
2019,t-smartthings-hub,fw-update2.smartthings.com,firmware update,TLS 1.2,1964,0.9211
2019,t-smartthings-hub,fw-update2.smartthings.com,firmware update,TLS 1.2,1964,0.9202
2019,t-smartthings-hub,fw-update2.smartthings.com,firmware update,TLS 1.2,1964,0.9187
2019,t-smartthings-hub,fw-update2.smartthings.com,firmware update,TLS 1.2,1964,0.9208
2019,t-smartthings-hub,fw-update2.smartthings.com,firmware update,TLS 1.2,1964,0.9186
2019,t-smartthings-hub,fw-update2.smartthings.com,firmware update,TLS 1.2,1964,0.9188
2019,t-smartthings-hub,fw-update2.smartthings.com,firmware update,TLS 1.2,1964,0.9206
2019,t-smartthings-hub,fw-update2.smartthings.com,firmware update,TLS 1.2,1964,0.9181
2019,t-smartthings-hub,fw-update2.smartthings.com,firmware update,TLS 1.2,1964,0.9203
2019,t-smartthings-hub,fw-update2.smartthings.com,firmware update,TLS 1.2,1964,0.9206
2019,t-smartthings-hub,fw-update2.smartthings.com,firmware update,TLS 1.2,1964,0.918
2019,t-smartthings-hub,fw-update2.smartthings.com,firmware update,TLS 1.2,1964,0.92
2019,t-smartthings-hub,fw-update2.smartthings.com,firmware update,TLS 1.2,1964,0.9214
2019,t-smartthings-hub,fw-update2.smartthings.com,firmware update,TLS 1.2,1964,0.9224
2019,t-smartthings-hub,fw-update2.smartthings.com,firmware update,TLS 1.2,1964,0.9195
2019,t-smartthings-hub,fw-update2.smartthings.com,firmware update,TLS 1.2,1964,0.9183
2019,t-smartthings-hub,fw-update2.smartthings.com,firmware update,TLS 1.2,1964,0.9207
2019,t-smartthings-hub,fw-update2.smartthings.com,firmware update,TLS 1.2,1964,0.9172
2019,t-smartthings-hub,fw-update2.smartthings.com,firmware update,TLS 1.2,1964,0.9178
2019,t-smartthings-hub,fw-update2.smartthings.com,firmware update,TLS 1.2,1964,0.917
2019,t-smartthings-hub,fw-update2.smartthings.com,firmware update,TLS 1.2,1964,0.9204
2019,t-smartthings-hub,fw-update2.smartthings.com,firmware update,TLS 1.2,1964,0.9203
2019,t-smartthings-hub,fw-update2.smartthings.com,firmware update,TLS 1.2,1964,0.9215
2019,t-smartthings-hub,fw-update2.smartthings.com,firmware update,TLS 1.2,1964,0.9142
2019,t-smartthings-hub,fw-update2.smartthings.com,firmware update,TLS 1.2,1964,0.9167
2019,t-smartthings-hub,fw-update2.smartthings.com,firmware update,TLS 1.2,1964,0.9196
2019,t-smartthings-hub,fw-update2.smartthings.com,firmware update,TLS 1.2,1964,0.9206
2019,t-smartthings-hub,fw-update2.smartthings.com,firmware update,TLS 1.2,1964,0.9165
2019,t-smartthings-hub,fw-update2.smartthings.com,firmware update,TLS 1.2,1964,0.9186
2019,t-smartthings-hub,fw-update2.smartthings.com,firmware update,TLS 1.2,1964,0.9163
2019,t-smartthings-hub,fw-update2.smartthings.com,firmware update,TLS 1.2,1964,0.9195
2019,t-smartthings-hub,fw-update2.smartthings.com,firmware update,TLS 1.2,2323,0.9346
2019,t-smartthings-hub,fw-update2.smartthings.com,firmware update,TLS 1.2,1964,0.9148
2019,t-smartthings-hub,fw-update2.smartthings.com,firmware update,TLS 1.2,1964,0.9145
2019,t-smartthings-hub,fw-update2.smartthings.com,firmware update,TLS 1.2,1964,0.9203
2019,t-smartthings-hub,fw-update2.smartthings.com,firmware update,TLS 1.2,1964,0.9195
2019,t-smartthings-hub,fw-update2.smartthings.com,firmware update,TLS 1.2,1964,0.9201
2019,t-smartthings-hub,fw-update2.smartthings.com,firmware update,TLS 1.2,1964,0.9203
2019,t-smartthings-hub,fw-update2.smartthings.com,firmware update,TLS 1.2,1964,0.9211
2019,t-smartthings-hub,fw-update2.smartthings.com,firmware update,TLS 1.2,1964,0.9193
2019,t-smartthings-hub,fw-update2.smartthings.com,firmware update,TLS 1.2,1964,0.9198
2019,t-smartthings-hub,fw-update2.smartthings.com,firmware update,TLS 1.2,1964,0.9183
2019,t-smartthings-hub,fw-update2.smartthings.com,firmware update,TLS 1.2,1964,0.9198
2019,t-smartthings-hub,fw-update2.smartthings.com,firmware update,TLS 1.2,1964,0.9213
2019,t-smartthings-hub,fw-update2.smartthings.com,firmware update,TLS 1.2,1964,0.9195
2019,t-smartthings-hub,fw-update2.smartthings.com,firmware update,TLS 1.2,1964,0.9159
2019,t-smartthings-hub,fw-update2.smartthings.com,firmware update,TLS 1.2,1964,0.9206
2019,t-smartthings-hub,fw-update2.smartthings.com,firmware update,TLS 1.2,1964,0.9193
2019,t-smartthings-hub,fw-update2.smartthings.com,firmware update,TLS 1.2,1964,0.9185
2019,t-smartthings-hub,fw-update2.smartthings.com,firmware update,TLS 1.2,1964,0.9184
2019,t-smartthings-hub,fw-update2.smartthings.com,firmware update,TLS 1.2,1964,0.918
2019,t-smartthings-hub,fw-update2.smartthings.com,firmware update,TLS 1.2,1964,0.9222
2019,t-smartthings-hub,fw-update2.smartthings.com,firmware update,TLS 1.2,1964,0.9173
2019,t-smartthings-hub,fw-update2.smartthings.com,firmware update,TLS 1.2,1964,0.9231
2019,t-smartthings-hub,fw-update2.smartthings.com,firmware update,TLS 1.2,1964,0.9193
2019,t-smartthings-hub,fw-update2.smartthings.com,firmware update,TLS 1.2,1964,0.9208
2019,t-smartthings-hub,fw-update2.smartthings.com,firmware update,TLS 1.2,1964,0.9217
2019,t-smartthings-hub,fw-update2.smartthings.com,firmware update,TLS 1.2,1964,0.9202
2019,t-smartthings-hub,fw-update2.smartthings.com,firmware update,TLS 1.2,1964,0.9187
2019,t-smartthings-hub,fw-update2.smartthings.com,firmware update,TLS 1.2,1964,0.9177
2019,t-smartthings-hub,fw-update2.smartthings.com,firmware update,TLS 1.2,1964,0.9222
2019,t-smartthings-hub,fw-update2.smartthings.com,firmware update,TLS 1.2,1964,0.9198
2019,t-smartthings-hub,fw-update2.smartthings.com,firmware update,TLS 1.2,1964,0.9191
2019,t-smartthings-hub,fw-update2.smartthings.com,firmware update,TLS 1.2,1964,0.919
2019,t-smartthings-hub,fw-update2.smartthings.com,firmware update,TLS 1.2,1964,0.9197
2019,t-smartthings-hub,fw-update2.smartthings.com,firmware update,TLS 1.2,1964,0.9208
2019,t-smartthings-hub,fw-update2.smartthings.com,firmware update,TLS 1.2,1964,0.9231
2019,t-smartthings-hub,fw-update2.smartthings.com,firmware update,TLS 1.2,1964,0.9177
2019,t-smartthings-hub,fw-update2.smartthings.com,firmware update,TLS 1.2,1964,0.919
2019,t-smartthings-hub,fw-update2.smartthings.com,firmware update,TLS 1.2,1964,0.9179
2019,t-smartthings-hub,fw-update2.smartthings.com,firmware update,TLS 1.2,1964,0.9186
2019,t-smartthings-hub,fw-update2.smartthings.com,firmware update,TLS 1.2,1964,0.9176
2019,t-smartthings-hub,fw-update2.smartthings.com,firmware update,TLS 1.2,1964,0.9189
2019,t-smartthings-hub,fw-update2.smartthings.com,firmware update,TLS 1.2,1964,0.9197
2019,t-smartthings-hub,fw-update2.smartthings.com,firmware update,TLS 1.2,1964,0.9224
2019,t-smartthings-hub,fw-update2.smartthings.com,firmware update,TLS 1.2,1964,0.9183
2019,t-smartthings-hub,fw-update2.smartthings.com,firmware update,TLS 1.2,1964,0.9183
2019,t-smartthings-hub,fw-update2.smartthings.com,firmware update,TLS 1.2,1964,0.9192
2019,t-smartthings-hub,fw-update2.smartthings.com,firmware update,TLS 1.2,1964,0.9181
2019,t-smartthings-hub,fw-update2.smartthings.com,firmware update,TLS 1.2,1964,0.9195
2019,t-smartthings-hub,fw-update2.smartthings.com,firmware update,TLS 1.2,1964,0.9202
2019,t-smartthings-hub,fw-update2.smartthings.com,firmware update,TLS 1.2,1964,0.9178
2019,t-smartthings-hub,fw-update2.smartthings.com,firmware update,TLS 1.2,1964,0.9196
2019,t-smartthings-hub,fw-update2.smartthings.com,firmware update,TLS 1.2,1964,0.9232
2019,t-smartthings-hub,fw-update2.smartthings.com,firmware update,TLS 1.2,1964,0.9202
2019,t-smartthings-hub,fw-update2.smartthings.com,firmware update,TLS 1.2,1964,0.9212
2019,t-smartthings-hub,fw-update2.smartthings.com,firmware update,TLS 1.2,1964,0.9192
2019,t-smartthings-hub,fw-update2.smartthings.com,firmware update,TLS 1.2,1964,0.9193
2019,t-smartthings-hub,fw-update2.smartthings.com,firmware update,TLS 1.2,1964,0.921
2019,t-smartthings-hub,fw-update2.smartthings.com,firmware update,TLS 1.2,1964,0.9192
2019,t-smartthings-hub,fw-update2.smartthings.com,firmware update,TLS 1.2,1964,0.9183
2019,t-smartthings-hub,fw-update2.smartthings.com,firmware update,TLS 1.2,1964,0.9196
2019,t-smartthings-hub,fw-update2.smartthings.com,firmware update,TLS 1.2,1964,0.921
2019,t-smartthings-hub,fw-update2.smartthings.com,firmware update,TLS 1.2,1964,0.9187
2019,t-smartthings-hub,fw-update2.smartthings.com,firmware update,TLS 1.2,1964,0.9211
2019,t-smartthings-hub,fw-update2.smartthings.com,firmware update,TLS 1.2,1964,0.9194
2019,t-smartthings-hub,fw-update2.smartthings.com,firmware update,TLS 1.2,1964,0.9206
2019,t-smartthings-hub,fw-update2.smartthings.com,firmware update,TLS 1.2,1964,0.9176
2019,t-smartthings-hub,fw-update2.smartthings.com,firmware update,TLS 1.2,1964,0.9206
2019,t-smartthings-hub,fw-update2.smartthings.com,firmware update,TLS 1.2,1964,0.9189
2019,t-smartthings-hub,fw-update2.smartthings.com,firmware update,TLS 1.2,1964,0.9213
2019,t-smartthings-hub,fw-update2.smartthings.com,firmware update,TLS 1.2,1964,0.9193
2019,t-smartthings-hub,fw-update2.smartthings.com,firmware update,TLS 1.2,1964,0.9191
2019,t-smartthings-hub,fw-update2.smartthings.com,firmware update,TLS 1.2,1964,0.9177
2019,t-smartthings-hub,fw-update2.smartthings.com,firmware update,TLS 1.2,1964,0.9196
2019,t-smartthings-hub,fw-update2.smartthings.com,firmware update,TLS 1.2,1964,0.9169
2019,t-smartthings-hub,fw-update2.smartthings.com,firmware update,TLS 1.2,1964,0.9193
2019,t-smartthings-hub,fw-update2.smartthings.com,firmware update,TLS 1.2,1964,0.9177
2019,t-smartthings-hub,fw-update2.smartthings.com,firmware update,TLS 1.2,1964,0.9207
2019,t-smartthings-hub,fw-update2.smartthings.com,firmware update,TLS 1.2,1964,0.9192
2019,t-smartthings-hub,fw-update2.smartthings.com,firmware update,TLS 1.2,1964,0.9193
2019,t-smartthings-hub,fw-update2.smartthings.com,firmware update,TLS 1.2,1964,0.917
2019,t-smartthings-hub,fw-update2.smartthings.com,firmware update,TLS 1.2,1964,0.9212
2019,t-smartthings-hub,fw-update2.smartthings.com,firmware update,TLS 1.2,1964,0.9188
2019,t-smartthings-hub,fw-update2.smartthings.com,firmware update,TLS 1.2,2323,0.9294
2019,t-smartthings-hub,fw-update2.smartthings.com,firmware update,TLS 1.2,1964,0.919
2019,t-smartthings-hub,fw-update2.smartthings.com,firmware update,TLS 1.2,1964,0.9207
2019,t-smartthings-hub,fw-update2.smartthings.com,firmware update,TLS 1.2,1964,0.9194
2019,t-smartthings-hub,fw-update2.smartthings.com,firmware update,TLS 1.2,1964,0.9227
2019,t-smartthings-hub,fw-update2.smartthings.com,firmware update,TLS 1.2,1964,0.9215
2019,t-smartthings-hub,fw-update2.smartthings.com,firmware update,TLS 1.2,1964,0.9155
2019,t-smartthings-hub,fw-update2.smartthings.com,firmware update,TLS 1.2,1964,0.9165
2019,t-smartthings-hub,fw-update2.smartthings.com,firmware update,TLS 1.2,1964,0.9208
2019,t-smartthings-hub,fw-update2.smartthings.com,firmware update,TLS 1.2,1964,0.9181
2019,t-smartthings-hub,fw-update2.smartthings.com,firmware update,TLS 1.2,1964,0.921
2019,t-smartthings-hub,fw-update2.smartthings.com,firmware update,TLS 1.2,1964,0.916
2019,t-smartthings-hub,fw-update2.smartthings.com,firmware update,TLS 1.2,1964,0.9203
2019,t-smartthings-hub,fw-update2.smartthings.com,firmware update,TLS 1.2,1964,0.9188
2019,t-smartthings-hub,fw-update2.smartthings.com,firmware update,TLS 1.2,1964,0.9164
2019,t-smartthings-hub,fw-update2.smartthings.com,firmware update,TLS 1.2,1964,0.9195
2019,t-smartthings-hub,fw-update2.smartthings.com,firmware update,TLS 1.2,1964,0.9182
2019,t-smartthings-hub,fw-update2.smartthings.com,firmware update,TLS 1.2,1964,0.9193
2019,t-smartthings-hub,fw-update2.smartthings.com,firmware update,TLS 1.2,1964,0.9161
2019,t-smartthings-hub,fw-update2.smartthings.com,firmware update,TLS 1.2,1964,0.9202
2019,t-smartthings-hub,fw-update2.smartthings.com,firmware update,TLS 1.2,1964,0.918
2019,t-smartthings-hub,fw-update2.smartthings.com,firmware update,TLS 1.2,1964,0.9164
2019,t-smartthings-hub,fw-update2.smartthings.com,firmware update,TLS 1.2,1964,0.9164
2019,t-smartthings-hub,fw-update2.smartthings.com,firmware update,TLS 1.2,1964,0.9169
2019,t-smartthings-hub,fw-update2.smartthings.com,firmware update,TLS 1.2,1964,0.9158
2019,t-smartthings-hub,fw-update2.smartthings.com,firmware update,TLS 1.2,1964,0.9154
2019,t-smartthings-hub,fw-update2.smartthings.com,firmware update,TLS 1.2,1964,0.9225
2019,t-smartthings-hub,fw-update2.smartthings.com,firmware update,TLS 1.2,1964,0.9205
2019,t-smartthings-hub,fw-update2.smartthings.com,firmware update,TLS 1.2,1964,0.9205
2019,t-smartthings-hub,fw-update2.smartthings.com,firmware update,TLS 1.2,1964,0.9194
2019,t-smartthings-hub,fw-update2.smartthings.com,firmware update,TLS 1.2,1964,0.9184
2019,t-smartthings-hub,fw-update2.smartthings.com,firmware update,TLS 1.2,1964,0.9175
2019,t-smartthings-hub,fw-update2.smartthings.com,firmware update,TLS 1.2,1964,0.9194
2019,t-smartthings-hub,fw-update2.smartthings.com,firmware update,TLS 1.2,1964,0.9147
2019,t-smartthings-hub,fw-update2.smartthings.com,firmware update,TLS 1.2,1964,0.9205
2019,t-smartthings-hub,fw-update2.smartthings.com,firmware update,TLS 1.2,1964,0.9182
2019,t-smartthings-hub,fw-update2.smartthings.com,firmware update,TLS 1.2,1964,0.9155
2019,t-smartthings-hub,fw-update2.smartthings.com,firmware update,TLS 1.2,1964,0.9187
2019,t-smartthings-hub,fw-update2.smartthings.com,firmware update,TLS 1.2,1964,0.918
2019,t-smartthings-hub,fw-update2.smartthings.com,firmware update,TLS 1.2,1964,0.9191
2019,t-smartthings-hub,fw-update2.smartthings.com,firmware update,TLS 1.2,1964,0.9206
2019,t-smartthings-hub,fw-update2.smartthings.com,firmware update,TLS 1.2,1964,0.9176
2019,t-smartthings-hub,fw-update2.smartthings.com,firmware update,TLS 1.2,1964,0.9194
2019,t-smartthings-hub,fw-update2.smartthings.com,firmware update,TLS 1.2,1964,0.9203
2019,t-smartthings-hub,fw-update2.smartthings.com,firmware update,TLS 1.2,1964,0.9189
2019,t-smartthings-hub,fw-update2.smartthings.com,firmware update,TLS 1.2,1964,0.9193
2019,t-smartthings-hub,fw-update2.smartthings.com,firmware update,TLS 1.2,1964,0.919
2019,t-smartthings-hub,fw-update2.smartthings.com,firmware update,TLS 1.2,1964,0.9165
2019,t-smartthings-hub,fw-update2.smartthings.com,firmware update,TLS 1.2,1964,0.9192
2019,t-smartthings-hub,fw-update2.smartthings.com,firmware update,TLS 1.2,1964,0.9176
2019,t-smartthings-hub,fw-update2.smartthings.com,firmware update,TLS 1.2,1964,0.917
2019,t-smartthings-hub,fw-update2.smartthings.com,firmware update,TLS 1.2,2015,0.9198
2019,t-smartthings-hub,fw-update2.smartthings.com,firmware update,TLS 1.2,1964,0.9188
2019,t-smartthings-hub,fw-update2.smartthings.com,firmware update,TLS 1.2,1964,0.9195
2019,t-smartthings-hub,fw-update2.smartthings.com,firmware update,TLS 1.2,1964,0.9207
2019,t-smartthings-hub,fw-update2.smartthings.com,firmware update,TLS 1.2,1964,0.9206
2019,t-smartthings-hub,fw-update2.smartthings.com,firmware update,TLS 1.2,1964,0.919
2019,t-smartthings-hub,fw-update2.smartthings.com,firmware update,TLS 1.2,2323,0.931
2019,t-smartthings-hub,fw-update2.smartthings.com,firmware update,TLS 1.2,1964,0.917
2019,t-smartthings-hub,fw-update2.smartthings.com,firmware update,TLS 1.2,1964,0.919
2019,t-smartthings-hub,fw-update2.smartthings.com,firmware update,TLS 1.2,1964,0.9154
2019,t-smartthings-hub,fw-update2.smartthings.com,firmware update,TLS 1.2,1964,0.9184
2019,t-smartthings-hub,fw-update2.smartthings.com,firmware update,TLS 1.2,1964,0.9198
2019,t-smartthings-hub,fw-update2.smartthings.com,firmware update,TLS 1.2,1964,0.9209
2019,t-smartthings-hub,fw-update2.smartthings.com,firmware update,TLS 1.2,1964,0.9216
2019,t-smartthings-hub,fw-update2.smartthings.com,firmware update,TLS 1.2,1964,0.9165
2019,t-smartthings-hub,fw-update2.smartthings.com,firmware update,TLS 1.2,1964,0.9197
2019,t-smartthings-hub,fw-update2.smartthings.com,firmware update,TLS 1.2,1964,0.919
2019,t-smartthings-hub,fw-update2.smartthings.com,firmware update,TLS 1.2,1964,0.9191
2019,t-smartthings-hub,fw-update2.smartthings.com,firmware update,TLS 1.2,1964,0.92
2019,t-smartthings-hub,fw-update2.smartthings.com,firmware update,TLS 1.2,1964,0.9188
2019,t-smartthings-hub,fw-update2.smartthings.com,firmware update,TLS 1.2,1964,0.9195
2019,t-smartthings-hub,fw-update2.smartthings.com,firmware update,TLS 1.2,1964,0.9186
2019,t-smartthings-hub,fw-update2.smartthings.com,firmware update,TLS 1.2,1964,0.9158
2019,t-smartthings-hub,fw-update2.smartthings.com,firmware update,TLS 1.2,1964,0.9188
2019,t-smartthings-hub,fw-update2.smartthings.com,firmware update,TLS 1.2,1964,0.9166
2019,t-smartthings-hub,fw-update2.smartthings.com,firmware update,TLS 1.2,1964,0.9204
2019,t-smartthings-hub,fw-update2.smartthings.com,firmware update,TLS 1.2,1964,0.9169
2019,t-smartthings-hub,fw-update2.smartthings.com,firmware update,TLS 1.2,1964,0.9203
2019,t-smartthings-hub,fw-update2.smartthings.com,firmware update,TLS 1.2,1964,0.9182
2019,t-smartthings-hub,fw-update2.smartthings.com,firmware update,TLS 1.2,1964,0.9186
2019,t-smartthings-hub,fw-update2.smartthings.com,firmware update,TLS 1.2,1964,0.9187
2019,t-smartthings-hub,fw-update2.smartthings.com,firmware update,TLS 1.2,1964,0.9204
2019,t-smartthings-hub,fw-update2.smartthings.com,firmware update,TLS 1.2,1964,0.9219
2019,t-smartthings-hub,fw-update2.smartthings.com,firmware update,TLS 1.2,1964,0.9186
2019,t-smartthings-hub,fw-update2.smartthings.com,firmware update,TLS 1.2,1964,0.9168
2019,t-smartthings-hub,fw-update2.smartthings.com,firmware update,TLS 1.2,1964,0.9171
2019,t-smartthings-hub,fw-update2.smartthings.com,firmware update,TLS 1.2,1964,0.92
2019,t-smartthings-hub,fw-update2.smartthings.com,firmware update,TLS 1.2,1964,0.919
2019,t-smartthings-hub,fw-update2.smartthings.com,firmware update,TLS 1.2,1964,0.9164
2019,t-smartthings-hub,fw-update2.smartthings.com,firmware update,TLS 1.2,1964,0.913
2019,t-smartthings-hub,fw-update2.smartthings.com,firmware update,TLS 1.2,1964,0.918
2019,t-smartthings-hub,fw-update2.smartthings.com,firmware update,TLS 1.2,1964,0.9182
2019,t-smartthings-hub,fw-update2.smartthings.com,firmware update,TLS 1.2,1964,0.9217
2019,t-smartthings-hub,fw-update2.smartthings.com,firmware update,TLS 1.2,1964,0.9209
2019,t-smartthings-hub,fw-update2.smartthings.com,firmware update,TLS 1.2,1964,0.9217
2019,t-smartthings-hub,fw-update2.smartthings.com,firmware update,TLS 1.2,1964,0.9215
2019,t-smartthings-hub,fw-update2.smartthings.com,firmware update,TLS 1.2,1964,0.9158
2019,t-smartthings-hub,fw-update2.smartthings.com,firmware update,TLS 1.2,1964,0.9213
2019,t-smartthings-hub,fw-update2.smartthings.com,firmware update,TLS 1.2,1964,0.9217
2019,t-smartthings-hub,fw-update2.smartthings.com,firmware update,TLS 1.2,1964,0.9196
2019,t-smartthings-hub,fw-update2.smartthings.com,firmware update,TLS 1.2,1964,0.9214
2019,t-smartthings-hub,fw-update2.smartthings.com,firmware update,TLS 1.2,1964,0.9184
2019,t-smartthings-hub,fw-update2.smartthings.com,firmware update,TLS 1.2,1964,0.917
2019,t-smartthings-hub,fw-update2.smartthings.com,firmware update,TLS 1.2,1964,0.9208
2019,t-smartthings-hub,fw-update2.smartthings.com,firmware update,TLS 1.2,1964,0.9213
2019,t-smartthings-hub,fw-update2.smartthings.com,firmware update,TLS 1.2,1964,0.9192
2019,t-smartthings-hub,fw-update2.smartthings.com,firmware update,TLS 1.2,1964,0.9187
2019,t-smartthings-hub,fw-update2.smartthings.com,firmware update,TLS 1.2,1964,0.9188
2019,t-smartthings-hub,fw-update2.smartthings.com,firmware update,TLS 1.2,1964,0.92
2019,t-smartthings-hub,fw-update2.smartthings.com,firmware update,TLS 1.2,2323,0.9312
2019,t-smartthings-hub,fw-update2.smartthings.com,firmware update,TLS 1.2,1964,0.9191
2019,t-smartthings-hub,fw-update2.smartthings.com,firmware update,TLS 1.2,1964,0.9211
2019,t-smartthings-hub,fw-update2.smartthings.com,firmware update,TLS 1.2,1964,0.9192
2019,t-smartthings-hub,fw-update2.smartthings.com,firmware update,TLS 1.2,1964,0.9191
2019,t-smartthings-hub,fw-update2.smartthings.com,firmware update,TLS 1.2,1964,0.9198
2019,t-smartthings-hub,fw-update2.smartthings.com,firmware update,TLS 1.2,1964,0.9207
2019,t-smartthings-hub,fw-update2.smartthings.com,firmware update,TLS 1.2,1964,0.9209
2019,t-smartthings-hub,fw-update2.smartthings.com,firmware update,TLS 1.2,1964,0.9156
2019,t-smartthings-hub,fw-update2.smartthings.com,firmware update,TLS 1.2,1964,0.9209
2019,t-smartthings-hub,fw-update2.smartthings.com,firmware update,TLS 1.2,1964,0.9194
2019,t-smartthings-hub,fw-update2.smartthings.com,firmware update,TLS 1.2,1964,0.9165
2019,t-smartthings-hub,fw-update2.smartthings.com,firmware update,TLS 1.2,1964,0.9201
2019,t-smartthings-hub,fw-update2.smartthings.com,firmware update,TLS 1.2,1964,0.9199
2019,t-smartthings-hub,fw-update2.smartthings.com,firmware update,TLS 1.2,1964,0.9209
2019,t-smartthings-hub,fw-update2.smartthings.com,firmware update,TLS 1.2,1964,0.9174
2019,t-smartthings-hub,fw-update2.smartthings.com,firmware update,TLS 1.2,1964,0.9191
2019,t-smartthings-hub,fw-update2.smartthings.com,firmware update,TLS 1.2,1964,0.9198
2019,t-smartthings-hub,fw-update2.smartthings.com,firmware update,TLS 1.2,1964,0.9192
2019,t-smartthings-hub,fw-update2.smartthings.com,firmware update,TLS 1.2,1964,0.9195
2019,t-smartthings-hub,fw-update2.smartthings.com,firmware update,TLS 1.2,1964,0.9209
2019,t-smartthings-hub,fw-update2.smartthings.com,firmware update,TLS 1.2,1964,0.9198
2019,t-smartthings-hub,fw-update2.smartthings.com,firmware update,TLS 1.2,1964,0.9186
2019,t-smartthings-hub,fw-update2.smartthings.com,firmware update,TLS 1.2,1964,0.9172
2019,t-smartthings-hub,fw-update2.smartthings.com,firmware update,TLS 1.2,1964,0.9171
2019,t-smartthings-hub,fw-update2.smartthings.com,firmware update,TLS 1.2,1964,0.9202
2019,t-smartthings-hub,fw-update2.smartthings.com,firmware update,TLS 1.2,1964,0.919
2019,t-smartthings-hub,fw-update2.smartthings.com,firmware update,TLS 1.2,1964,0.9183
2019,t-smartthings-hub,fw-update2.smartthings.com,firmware update,TLS 1.2,1964,0.9201
2019,t-smartthings-hub,fw-update2.smartthings.com,firmware update,TLS 1.2,1964,0.9223
2019,t-smartthings-hub,fw-update2.smartthings.com,firmware update,TLS 1.2,1964,0.9198
2019,t-smartthings-hub,fw-update2.smartthings.com,firmware update,TLS 1.2,1964,0.9195
2019,t-smartthings-hub,fw-update2.smartthings.com,firmware update,TLS 1.2,1964,0.919
2019,t-smartthings-hub,fw-update2.smartthings.com,firmware update,TLS 1.2,1964,0.9216
2019,t-smartthings-hub,fw-update2.smartthings.com,firmware update,TLS 1.2,1964,0.9188
2019,t-smartthings-hub,fw-update2.smartthings.com,firmware update,TLS 1.2,1964,0.9208
2019,t-smartthings-hub,fw-update2.smartthings.com,firmware update,TLS 1.2,1964,0.9206
2019,t-smartthings-hub,fw-update2.smartthings.com,firmware update,TLS 1.2,1964,0.9206
2019,appletv,mesu.apple.com,update catalog,TLS 1.2,3741,0.9251
2019,appletv,mesu.apple.com,update catalog,TLS 1.2,3784,0.927
2019,appletv,mesu.apple.com,update catalog,TLS 1.2,3733,0.9241
2019,appletv,mesu.apple.com,update catalog,TLS 1.2,3742,0.9256
2019,appletv,mesu.apple.com,update catalog,TLS 1.2,4073,0.9322
2019,appletv,mesu.apple.com,update catalog,TLS 1.2,3378,0.9095
2019,appletv,mesu.apple.com,update catalog,TLS 1.2,3741,0.9245
2019,cloudcam,softwareupdates.amazon.com,update check,TLS 1.2,5046,0.9432
2019,cloudcam,softwareupdates.amazon.com,update check,TLS 1.2,5142,0.9446
2019,cloudcam,softwareupdates.amazon.com,update check,TLS 1.2,5142,0.9439
2019,dlink-mov,wrpd.dlink.com,firmware query,"HTTP, check or metadata",632,0.691
2019,dlink-mov,api.dch.dlink.com,upgrade agent,"HTTP, check or metadata",321,0.7236
2019,dlink-mov,wrpd.dlink.com,firmware query,"HTTP, check or metadata",632,0.6909
2019,dlink-mov,wrpd.dlink.com,firmware query,"HTTP, check or metadata",632,0.6931
2019,dlink-mov,api.dch.dlink.com,upgrade agent,"HTTP, check or metadata",321,0.7207
2019,echodot,softwareupdates.amazon.com,update check,TLS 1.2,5046,0.9434
2019,echodot,softwareupdates.amazon.com,update check,TLS 1.2,5046,0.9441
2019,echodot,softwareupdates.amazon.com,update check,TLS 1.2,5046,0.9422
2019,smartthings-hub,fw-update2.smartthings.com,firmware update,TLS 1.2,1964,0.9178
2019,smartthings-hub,fw-update2.smartthings.com,firmware update,TLS 1.2,1964,0.9187
2019,smartthings-hub,fw-update2.smartthings.com,firmware update,TLS 1.2,1964,0.9187
2019,smartthings-hub,fw-update2.smartthings.com,firmware update,TLS 1.2,1964,0.9181
2019,smartthings-hub,fw-update2.smartthings.com,firmware update,TLS 1.2,1964,0.92
2019,smartthings-hub,fw-update2.smartthings.com,firmware update,TLS 1.2,1964,0.9179
2019,smartthings-hub,fw-update2.smartthings.com,firmware update,TLS 1.2,1964,0.9212
2019,smartthings-hub,fw-update2.smartthings.com,firmware update,TLS 1.2,1964,0.9166
2019,smartthings-hub,fw-update2.smartthings.com,firmware update,TLS 1.2,1964,0.9195
2019,smartthings-hub,fw-update2.smartthings.com,firmware update,TLS 1.2,1964,0.92
2019,smartthings-hub,fw-update2.smartthings.com,firmware update,TLS 1.2,1964,0.9191
2019,smartthings-hub,fw-update2.smartthings.com,firmware update,TLS 1.2,1964,0.9176
2019,smartthings-hub,fw-update2.smartthings.com,firmware update,TLS 1.2,1964,0.9178
2019,smartthings-hub,fw-update2.smartthings.com,firmware update,TLS 1.2,1964,0.9147
2019,smartthings-hub,fw-update2.smartthings.com,firmware update,TLS 1.2,1964,0.9207
2019,smartthings-hub,fw-update2.smartthings.com,firmware update,TLS 1.2,1964,0.9176
2019,smartthings-hub,fw-update2.smartthings.com,firmware update,TLS 1.2,1964,0.92
2019,smartthings-hub,fw-update2.smartthings.com,firmware update,TLS 1.2,1964,0.9207
2019,smartthings-hub,fw-update2.smartthings.com,firmware update,TLS 1.2,1964,0.9206
2019,smartthings-hub,fw-update2.smartthings.com,firmware update,TLS 1.2,1964,0.9196
2019,smartthings-hub,fw-update2.smartthings.com,firmware update,TLS 1.2,1964,0.9185
2019,smartthings-hub,fw-update2.smartthings.com,firmware update,TLS 1.2,1964,0.9201
2019,smartthings-hub,fw-update2.smartthings.com,firmware update,TLS 1.2,1964,0.9195
2019,smartthings-hub,fw-update2.smartthings.com,firmware update,TLS 1.2,1964,0.9227
2019,smartthings-hub,fw-update2.smartthings.com,firmware update,TLS 1.2,1964,0.922
2019,smartthings-hub,fw-update2.smartthings.com,firmware update,TLS 1.2,1964,0.9201
2019,smartthings-hub,fw-update2.smartthings.com,firmware update,TLS 1.2,1964,0.9189
2019,smartthings-hub,fw-update2.smartthings.com,firmware update,TLS 1.2,1964,0.9204
2019,smartthings-hub,fw-update2.smartthings.com,firmware update,TLS 1.2,1964,0.9202
2019,smartthings-hub,fw-update2.smartthings.com,firmware update,TLS 1.2,1964,0.9174
2019,smartthings-hub,fw-update2.smartthings.com,firmware update,TLS 1.2,1964,0.9202
2019,smartthings-hub,fw-update2.smartthings.com,firmware update,TLS 1.2,1964,0.915
2019,smartthings-hub,fw-update2.smartthings.com,firmware update,TLS 1.2,1964,0.9182
2019,smartthings-hub,fw-update2.smartthings.com,firmware update,TLS 1.2,1964,0.9199
2019,smartthings-hub,fw-update2.smartthings.com,firmware update,TLS 1.2,1964,0.9168
2019,smartthings-hub,fw-update2.smartthings.com,firmware update,TLS 1.2,1964,0.9195
2019,smartthings-hub,fw-update2.smartthings.com,firmware update,TLS 1.2,1964,0.9188
2019,smartthings-hub,fw-update2.smartthings.com,firmware update,TLS 1.2,1964,0.9171
2019,smartthings-hub,fw-update2.smartthings.com,firmware update,TLS 1.2,1964,0.9177
2019,smartthings-hub,fw-update2.smartthings.com,firmware update,TLS 1.2,1964,0.917
2019,smartthings-hub,fw-update2.smartthings.com,firmware update,TLS 1.2,1964,0.9187
2019,smartthings-hub,fw-update2.smartthings.com,firmware update,TLS 1.2,1964,0.9197
2019,smartthings-hub,fw-update2.smartthings.com,firmware update,TLS 1.2,1964,0.9199
2019,smartthings-hub,fw-update2.smartthings.com,firmware update,TLS 1.2,1964,0.9207
2019,smartthings-hub,fw-update2.smartthings.com,firmware update,TLS 1.2,1964,0.9182
2019,smartthings-hub,fw-update2.smartthings.com,firmware update,TLS 1.2,2015,0.9221
2019,smartthings-hub,fw-update2.smartthings.com,firmware update,TLS 1.2,1964,0.9187
2019,smartthings-hub,fw-update2.smartthings.com,firmware update,TLS 1.2,1964,0.919
2019,smartthings-hub,fw-update2.smartthings.com,firmware update,TLS 1.2,1964,0.921
2019,smartthings-hub,fw-update2.smartthings.com,firmware update,TLS 1.2,1964,0.9181
2019,smartthings-hub,fw-update2.smartthings.com,firmware update,TLS 1.2,1964,0.9205
2019,smartthings-hub,fw-update2.smartthings.com,firmware update,TLS 1.2,1964,0.918
2019,smartthings-hub,fw-update2.smartthings.com,firmware update,TLS 1.2,1964,0.9164
2019,smartthings-hub,fw-update2.smartthings.com,firmware update,TLS 1.2,1964,0.9178
2019,smartthings-hub,fw-update2.smartthings.com,firmware update,TLS 1.2,1964,0.9206
2019,smartthings-hub,fw-update2.smartthings.com,firmware update,TLS 1.2,1964,0.9162
2019,smartthings-hub,fw-update2.smartthings.com,firmware update,TLS 1.2,1964,0.9191
2019,smartthings-hub,fw-update2.smartthings.com,firmware update,TLS 1.2,1964,0.9206
2019,smartthings-hub,fw-update2.smartthings.com,firmware update,TLS 1.2,1964,0.9222
2019,smartthings-hub,fw-update2.smartthings.com,firmware update,TLS 1.2,1964,0.9205
2019,smartthings-hub,fw-update2.smartthings.com,firmware update,TLS 1.2,1964,0.9198
2019,smartthings-hub,fw-update2.smartthings.com,firmware update,TLS 1.2,1964,0.9201
2019,smartthings-hub,fw-update2.smartthings.com,firmware update,TLS 1.2,1964,0.9206
2019,smartthings-hub,fw-update2.smartthings.com,firmware update,TLS 1.2,1964,0.9171
2019,smartthings-hub,fw-update2.smartthings.com,firmware update,TLS 1.2,1964,0.9214
2019,smartthings-hub,fw-update2.smartthings.com,firmware update,TLS 1.2,1964,0.921
2019,smartthings-hub,fw-update2.smartthings.com,firmware update,TLS 1.2,1964,0.9216
2019,smartthings-hub,fw-update2.smartthings.com,firmware update,TLS 1.2,1964,0.9198
2019,smartthings-hub,fw-update2.smartthings.com,firmware update,TLS 1.2,1964,0.9197
2019,smartthings-hub,fw-update2.smartthings.com,firmware update,TLS 1.2,1964,0.9197
2019,smartthings-hub,fw-update2.smartthings.com,firmware update,TLS 1.2,1964,0.9237
2019,smartthings-hub,fw-update2.smartthings.com,firmware update,TLS 1.2,1964,0.9189
2019,smartthings-hub,fw-update2.smartthings.com,firmware update,TLS 1.2,1964,0.9189
2019,smartthings-hub,fw-update2.smartthings.com,firmware update,TLS 1.2,1964,0.9206
2019,smartthings-hub,fw-update2.smartthings.com,firmware update,TLS 1.2,1964,0.9196
2019,smartthings-hub,fw-update2.smartthings.com,firmware update,TLS 1.2,1964,0.9208
2019,smartthings-hub,fw-update2.smartthings.com,firmware update,TLS 1.2,1964,0.9185
2019,smartthings-hub,fw-update2.smartthings.com,firmware update,TLS 1.2,1964,0.9169
2019,smartthings-hub,fw-update2.smartthings.com,firmware update,TLS 1.2,1964,0.9199
2019,smartthings-hub,fw-update2.smartthings.com,firmware update,TLS 1.2,1964,0.9184
2019,smartthings-hub,fw-update2.smartthings.com,firmware update,TLS 1.2,1964,0.9201
2019,smartthings-hub,fw-update2.smartthings.com,firmware update,TLS 1.2,1964,0.9157
2019,smartthings-hub,fw-update2.smartthings.com,firmware update,TLS 1.2,1964,0.9202
2019,smartthings-hub,fw-update2.smartthings.com,firmware update,TLS 1.2,1964,0.9205
2019,smartthings-hub,fw-update2.smartthings.com,firmware update,TLS 1.2,1964,0.9181
2019,smartthings-hub,fw-update2.smartthings.com,firmware update,TLS 1.2,1964,0.9151
2019,smartthings-hub,fw-update2.smartthings.com,firmware update,TLS 1.2,1964,0.9184
2019,smartthings-hub,fw-update2.smartthings.com,firmware update,TLS 1.2,1964,0.9202
2019,smartthings-hub,fw-update2.smartthings.com,firmware update,TLS 1.2,1964,0.9191
2019,smartthings-hub,fw-update2.smartthings.com,firmware update,TLS 1.2,1964,0.9193
2019,smartthings-hub,fw-update2.smartthings.com,firmware update,TLS 1.2,1964,0.9183
2019,smartthings-hub,fw-update2.smartthings.com,firmware update,TLS 1.2,1964,0.9197
2019,smartthings-hub,fw-update2.smartthings.com,firmware update,TLS 1.2,1964,0.918
2019,smartthings-hub,fw-update2.smartthings.com,firmware update,TLS 1.2,1964,0.9184
2019,smartthings-hub,fw-update2.smartthings.com,firmware update,TLS 1.2,1964,0.9177
2019,smartthings-hub,fw-update2.smartthings.com,firmware update,TLS 1.2,1964,0.9193
2019,smartthings-hub,fw-update2.smartthings.com,firmware update,TLS 1.2,1964,0.9159
2019,smartthings-hub,fw-update2.smartthings.com,firmware update,TLS 1.2,1964,0.9222
2019,smartthings-hub,fw-update2.smartthings.com,firmware update,TLS 1.2,1964,0.9184
2019,smartthings-hub,fw-update2.smartthings.com,firmware update,TLS 1.2,1964,0.9161
2019,smartthings-hub,fw-update2.smartthings.com,firmware update,TLS 1.2,1964,0.9222
2019,smartthings-hub,fw-update2.smartthings.com,firmware update,TLS 1.2,1964,0.9236
2019,smartthings-hub,fw-update2.smartthings.com,firmware update,TLS 1.2,1964,0.9208
2019,smartthings-hub,fw-update2.smartthings.com,firmware update,TLS 1.2,1964,0.9175
2019,smartthings-hub,fw-update2.smartthings.com,firmware update,TLS 1.2,1964,0.9166
2019,smartthings-hub,fw-update2.smartthings.com,firmware update,TLS 1.2,1964,0.9206
2019,smartthings-hub,fw-update2.smartthings.com,firmware update,TLS 1.2,1964,0.9159
2019,smartthings-hub,fw-update2.smartthings.com,firmware update,TLS 1.2,1964,0.916
2019,smartthings-hub,fw-update2.smartthings.com,firmware update,TLS 1.2,1964,0.9228
2019,smartthings-hub,fw-update2.smartthings.com,firmware update,TLS 1.2,1964,0.9216
2019,smartthings-hub,fw-update2.smartthings.com,firmware update,TLS 1.2,1964,0.9228
2019,smartthings-hub,fw-update2.smartthings.com,firmware update,TLS 1.2,1964,0.9202
2019,smartthings-hub,fw-update2.smartthings.com,firmware update,TLS 1.2,1964,0.9199
2019,smartthings-hub,fw-update2.smartthings.com,firmware update,TLS 1.2,1964,0.9182
2019,smartthings-hub,fw-update2.smartthings.com,firmware update,TLS 1.2,1964,0.9186
2019,smartthings-hub,fw-update2.smartthings.com,firmware update,TLS 1.2,1964,0.9179
2019,smartthings-hub,fw-update2.smartthings.com,firmware update,TLS 1.2,1964,0.9174
2019,smartthings-hub,fw-update2.smartthings.com,firmware update,TLS 1.2,1964,0.9183
2019,smartthings-hub,fw-update2.smartthings.com,firmware update,TLS 1.2,1964,0.9199
2019,smartthings-hub,fw-update2.smartthings.com,firmware update,TLS 1.2,1964,0.9201
2019,smartthings-hub,fw-update2.smartthings.com,firmware update,TLS 1.2,1964,0.9185
2019,smartthings-hub,fw-update2.smartthings.com,firmware update,TLS 1.2,1964,0.9144
2019,smartthings-hub,fw-update2.smartthings.com,firmware update,TLS 1.2,1964,0.9196
2019,smartthings-hub,fw-update2.smartthings.com,firmware update,TLS 1.2,1964,0.918
2019,smartthings-hub,fw-update2.smartthings.com,firmware update,TLS 1.2,1964,0.9197
2019,smartthings-hub,fw-update2.smartthings.com,firmware update,TLS 1.2,1964,0.9196
2019,smartthings-hub,fw-update2.smartthings.com,firmware update,TLS 1.2,1964,0.9186
2019,smartthings-hub,fw-update2.smartthings.com,firmware update,TLS 1.2,1964,0.9181
2019,smartthings-hub,fw-update2.smartthings.com,firmware update,TLS 1.2,1964,0.9191
2019,smartthings-hub,fw-update2.smartthings.com,firmware update,TLS 1.2,1964,0.9182
2019,smartthings-hub,fw-update2.smartthings.com,firmware update,TLS 1.2,1964,0.9202
2019,smartthings-hub,fw-update2.smartthings.com,firmware update,TLS 1.2,1964,0.9197
2019,smartthings-hub,fw-update2.smartthings.com,firmware update,TLS 1.2,1964,0.9232
2019,smartthings-hub,fw-update2.smartthings.com,firmware update,TLS 1.2,1964,0.9192
2019,smartthings-hub,fw-update2.smartthings.com,firmware update,TLS 1.2,1964,0.9159
2019,smartthings-hub,fw-update2.smartthings.com,firmware update,TLS 1.2,1964,0.9189
2019,smartthings-hub,fw-update2.smartthings.com,firmware update,TLS 1.2,1964,0.9166
2019,smartthings-hub,fw-update2.smartthings.com,firmware update,TLS 1.2,1964,0.9154
2019,smartthings-hub,fw-update2.smartthings.com,firmware update,TLS 1.2,1964,0.9183
2019,smartthings-hub,fw-update2.smartthings.com,firmware update,TLS 1.2,1964,0.9193
2019,smartthings-hub,fw-update2.smartthings.com,firmware update,TLS 1.2,1964,0.92
2019,smartthings-hub,fw-update2.smartthings.com,firmware update,TLS 1.2,1964,0.9165
2019,smartthings-hub,fw-update2.smartthings.com,firmware update,TLS 1.2,1964,0.9181
2019,smartthings-hub,fw-update2.smartthings.com,firmware update,TLS 1.2,1964,0.9189
2019,smartthings-hub,fw-update2.smartthings.com,firmware update,TLS 1.2,1964,0.9175
2019,smartthings-hub,fw-update2.smartthings.com,firmware update,TLS 1.2,1964,0.917
2019,smartthings-hub,fw-update2.smartthings.com,firmware update,TLS 1.2,1964,0.9229
2019,smartthings-hub,fw-update2.smartthings.com,firmware update,TLS 1.2,1964,0.9204
2019,smartthings-hub,fw-update2.smartthings.com,firmware update,TLS 1.2,1964,0.9194
2019,smartthings-hub,fw-update2.smartthings.com,firmware update,TLS 1.2,1964,0.9191
2019,smartthings-hub,fw-update2.smartthings.com,firmware update,TLS 1.2,1964,0.9153
2019,smartthings-hub,fw-update2.smartthings.com,firmware update,TLS 1.2,1964,0.9202
2019,smartthings-hub,fw-update2.smartthings.com,firmware update,TLS 1.2,1964,0.9201
2019,smartthings-hub,fw-update2.smartthings.com,firmware update,TLS 1.2,1964,0.9206
2019,smartthings-hub,fw-update2.smartthings.com,firmware update,TLS 1.2,1964,0.9166
2019,smartthings-hub,fw-update2.smartthings.com,firmware update,TLS 1.2,1964,0.9227
2019,smartthings-hub,fw-update2.smartthings.com,firmware update,TLS 1.2,1964,0.9163
2019,smartthings-hub,fw-update2.smartthings.com,firmware update,TLS 1.2,1964,0.9198
2019,smartthings-hub,fw-update2.smartthings.com,firmware update,TLS 1.2,1964,0.9203
2019,smartthings-hub,fw-update2.smartthings.com,firmware update,TLS 1.2,1964,0.9194
2019,smartthings-hub,fw-update2.smartthings.com,firmware update,TLS 1.2,1964,0.917
2019,smartthings-hub,fw-update2.smartthings.com,firmware update,TLS 1.2,1964,0.9165
2019,smartthings-hub,fw-update2.smartthings.com,firmware update,TLS 1.2,1964,0.9206
2019,smartthings-hub,fw-update2.smartthings.com,firmware update,TLS 1.2,1964,0.9205
2019,smartthings-hub,fw-update2.smartthings.com,firmware update,TLS 1.2,1964,0.9197
2019,smartthings-hub,fw-update2.smartthings.com,firmware update,TLS 1.2,1964,0.9183
2019,smartthings-hub,fw-update2.smartthings.com,firmware update,TLS 1.2,1964,0.9184
2019,smartthings-hub,fw-update2.smartthings.com,firmware update,TLS 1.2,1964,0.9216
2019,smartthings-hub,fw-update2.smartthings.com,firmware update,TLS 1.2,1964,0.9215
2019,smartthings-hub,fw-update2.smartthings.com,firmware update,TLS 1.2,1964,0.9207
2019,smartthings-hub,fw-update2.smartthings.com,firmware update,TLS 1.2,1964,0.9214
2019,smartthings-hub,fw-update2.smartthings.com,firmware update,TLS 1.2,1964,0.9196
2019,smartthings-hub,fw-update2.smartthings.com,firmware update,TLS 1.2,1964,0.9207
2019,smartthings-hub,fw-update2.smartthings.com,firmware update,TLS 1.2,1964,0.9193
2019,smartthings-hub,fw-update2.smartthings.com,firmware update,TLS 1.2,1964,0.9189
2019,smartthings-hub,fw-update2.smartthings.com,firmware update,TLS 1.2,1964,0.9189
2019,smartthings-hub,fw-update2.smartthings.com,firmware update,TLS 1.2,1964,0.917
2019,smartthings-hub,fw-update2.smartthings.com,firmware update,TLS 1.2,1964,0.9149
2019,smartthings-hub,fw-update2.smartthings.com,firmware update,TLS 1.2,1964,0.9168
2019,smartthings-hub,fw-update2.smartthings.com,firmware update,TLS 1.2,1964,0.9178
2019,smartthings-hub,fw-update2.smartthings.com,firmware update,TLS 1.2,1964,0.9196
2019,smartthings-hub,fw-update2.smartthings.com,firmware update,TLS 1.2,1964,0.9183
2019,smartthings-hub,fw-update2.smartthings.com,firmware update,TLS 1.2,1964,0.9156
2019,smartthings-hub,fw-update2.smartthings.com,firmware update,TLS 1.2,1964,0.9171
2019,smartthings-hub,fw-update2.smartthings.com,firmware update,TLS 1.2,1964,0.9187
2019,smartthings-hub,fw-update2.smartthings.com,firmware update,TLS 1.2,1964,0.9183
2019,smartthings-hub,fw-update2.smartthings.com,firmware update,TLS 1.2,1964,0.9206
2019,smartthings-hub,fw-update2.smartthings.com,firmware update,TLS 1.2,1964,0.9197
2019,smartthings-hub,fw-update2.smartthings.com,firmware update,TLS 1.2,1964,0.9179
2019,smartthings-hub,fw-update2.smartthings.com,firmware update,TLS 1.2,1964,0.9218
2019,smartthings-hub,fw-update2.smartthings.com,firmware update,TLS 1.2,1964,0.9222
2019,smartthings-hub,fw-update2.smartthings.com,firmware update,TLS 1.2,1964,0.9172
2019,smartthings-hub,fw-update2.smartthings.com,firmware update,TLS 1.2,1964,0.9197
2019,smartthings-hub,fw-update2.smartthings.com,firmware update,TLS 1.2,1964,0.9173
2019,smartthings-hub,fw-update2.smartthings.com,firmware update,TLS 1.2,1964,0.9198
2019,smartthings-hub,fw-update2.smartthings.com,firmware update,TLS 1.2,1964,0.9209
2019,smartthings-hub,fw-update2.smartthings.com,firmware update,TLS 1.2,1964,0.9193
2019,smartthings-hub,fw-update2.smartthings.com,firmware update,TLS 1.2,1964,0.9201
2019,smartthings-hub,fw-update2.smartthings.com,firmware update,TLS 1.2,1964,0.9198
2019,smartthings-hub,fw-update2.smartthings.com,firmware update,TLS 1.2,1964,0.9194
2019,smartthings-hub,fw-update2.smartthings.com,firmware update,TLS 1.2,1964,0.9199
2019,smartthings-hub,fw-update2.smartthings.com,firmware update,TLS 1.2,1964,0.9189
2019,smartthings-hub,fw-update2.smartthings.com,firmware update,TLS 1.2,1964,0.9196
2019,smartthings-hub,fw-update2.smartthings.com,firmware update,TLS 1.2,1964,0.9196
2019,smartthings-hub,fw-update2.smartthings.com,firmware update,TLS 1.2,1964,0.9195
2019,smartthings-hub,fw-update2.smartthings.com,firmware update,TLS 1.2,1964,0.9178
2019,smartthings-hub,fw-update2.smartthings.com,firmware update,TLS 1.2,1964,0.9198
2019,smartthings-hub,fw-update2.smartthings.com,firmware update,TLS 1.2,1964,0.9181
2019,smartthings-hub,fw-update2.smartthings.com,firmware update,TLS 1.2,1964,0.9202
2019,smartthings-hub,fw-update2.smartthings.com,firmware update,TLS 1.2,1964,0.9186
2019,smartthings-hub,fw-update2.smartthings.com,firmware update,TLS 1.2,1964,0.9176
2019,smartthings-hub,fw-update2.smartthings.com,firmware update,TLS 1.2,1964,0.921
2019,smartthings-hub,fw-update2.smartthings.com,firmware update,TLS 1.2,1964,0.9226
2019,smartthings-hub,fw-update2.smartthings.com,firmware update,TLS 1.2,1964,0.92
2019,smartthings-hub,fw-update2.smartthings.com,firmware update,TLS 1.2,1964,0.9213
2019,smartthings-hub,fw-update2.smartthings.com,firmware update,TLS 1.2,1964,0.9162
2019,smartthings-hub,fw-update2.smartthings.com,firmware update,TLS 1.2,1964,0.9159
2019,smartthings-hub,fw-update2.smartthings.com,firmware update,TLS 1.2,1964,0.9215
2019,smartthings-hub,fw-update2.smartthings.com,firmware update,TLS 1.2,1964,0.9165
2019,smartthings-hub,fw-update2.smartthings.com,firmware update,TLS 1.2,1964,0.9214
2019,smartthings-hub,fw-update2.smartthings.com,firmware update,TLS 1.2,1964,0.9189
2019,smartthings-hub,fw-update2.smartthings.com,firmware update,TLS 1.2,1964,0.9166
2019,smartthings-hub,fw-update2.smartthings.com,firmware update,TLS 1.2,1964,0.9165
2019,smartthings-hub,fw-update2.smartthings.com,firmware update,TLS 1.2,1964,0.9155
2019,smartthings-hub,fw-update2.smartthings.com,firmware update,TLS 1.2,1964,0.9189
2019,smartthings-hub,fw-update2.smartthings.com,firmware update,TLS 1.2,1964,0.9166
2019,smartthings-hub,fw-update2.smartthings.com,firmware update,TLS 1.2,1964,0.9195
2019,smartthings-hub,fw-update2.smartthings.com,firmware update,TLS 1.2,1964,0.9157
2019,smartthings-hub,fw-update2.smartthings.com,firmware update,TLS 1.2,1964,0.9165
2019,smartthings-hub,fw-update2.smartthings.com,firmware update,TLS 1.2,1964,0.9201
2019,smartthings-hub,fw-update2.smartthings.com,firmware update,TLS 1.2,1964,0.9204
2019,smartthings-hub,fw-update2.smartthings.com,firmware update,TLS 1.2,1964,0.9206
2019,smartthings-hub,fw-update2.smartthings.com,firmware update,TLS 1.2,1964,0.9187
2019,smartthings-hub,fw-update2.smartthings.com,firmware update,TLS 1.2,1964,0.9188
2019,smartthings-hub,fw-update2.smartthings.com,firmware update,TLS 1.2,1964,0.9211
2019,smartthings-hub,fw-update2.smartthings.com,firmware update,TLS 1.2,1964,0.9175
2019,smartthings-hub,fw-update2.smartthings.com,firmware update,TLS 1.2,1964,0.9191
2019,smartthings-hub,fw-update2.smartthings.com,firmware update,TLS 1.2,1964,0.9175
2019,smartthings-hub,fw-update2.smartthings.com,firmware update,TLS 1.2,1964,0.9198
2019,smartthings-hub,fw-update2.smartthings.com,firmware update,TLS 1.2,1964,0.919
2019,smartthings-hub,fw-update2.smartthings.com,firmware update,TLS 1.2,1964,0.9202
2019,smartthings-hub,fw-update2.smartthings.com,firmware update,TLS 1.2,1964,0.9163
2019,smartthings-hub,fw-update2.smartthings.com,firmware update,TLS 1.2,1964,0.9172
2019,smartthings-hub,fw-update2.smartthings.com,firmware update,TLS 1.2,1964,0.9181
2019,smartthings-hub,fw-update2.smartthings.com,firmware update,TLS 1.2,1964,0.9198
2019,smartthings-hub,fw-update2.smartthings.com,firmware update,TLS 1.2,1964,0.9189
2019,smartthings-hub,fw-update2.smartthings.com,firmware update,TLS 1.2,1964,0.9193
2019,smartthings-hub,fw-update2.smartthings.com,firmware update,TLS 1.2,1964,0.9195
2019,smartthings-hub,fw-update2.smartthings.com,firmware update,TLS 1.2,1964,0.9196
2019,smartthings-hub,fw-update2.smartthings.com,firmware update,TLS 1.2,1964,0.9164
2019,smartthings-hub,fw-update2.smartthings.com,firmware update,TLS 1.2,1964,0.9213
2019,smartthings-hub,fw-update2.smartthings.com,firmware update,TLS 1.2,1964,0.9198
2019,smartthings-hub,fw-update2.smartthings.com,firmware update,TLS 1.2,1964,0.9181
2019,smartthings-hub,fw-update2.smartthings.com,firmware update,TLS 1.2,1964,0.9183
2019,smartthings-hub,fw-update2.smartthings.com,firmware update,TLS 1.2,1964,0.9192
2019,smartthings-hub,fw-update2.smartthings.com,firmware update,TLS 1.2,1964,0.9198
2019,smartthings-hub,fw-update2.smartthings.com,firmware update,TLS 1.2,1964,0.921
2019,smartthings-hub,fw-update2.smartthings.com,firmware update,TLS 1.2,1964,0.9194
2019,smartthings-hub,fw-update2.smartthings.com,firmware update,TLS 1.2,1964,0.9181
2019,smartthings-hub,fw-update2.smartthings.com,firmware update,TLS 1.2,1964,0.9199
2019,smartthings-hub,fw-update2.smartthings.com,firmware update,TLS 1.2,1964,0.9192
2019,smartthings-hub,fw-update2.smartthings.com,firmware update,TLS 1.2,1964,0.9189
2019,smartthings-hub,fw-update2.smartthings.com,firmware update,TLS 1.2,1964,0.9162
2019,smartthings-hub,fw-update2.smartthings.com,firmware update,TLS 1.2,1964,0.919
2019,smartthings-hub,fw-update2.smartthings.com,firmware update,TLS 1.2,1964,0.9209
2019,smartthings-hub,fw-update2.smartthings.com,firmware update,TLS 1.2,1964,0.9214
2019,smartthings-hub,fw-update2.smartthings.com,firmware update,TLS 1.2,1964,0.9198
2019,smartthings-hub,fw-update2.smartthings.com,firmware update,TLS 1.2,1964,0.9186
2019,smartthings-hub,fw-update2.smartthings.com,firmware update,TLS 1.2,1964,0.9177
2019,smartthings-hub,fw-update2.smartthings.com,firmware update,TLS 1.2,1964,0.9173
2019,smartthings-hub,fw-update2.smartthings.com,firmware update,TLS 1.2,1964,0.9212
2019,smartthings-hub,fw-update2.smartthings.com,firmware update,TLS 1.2,1964,0.9187
2019,smartthings-hub,fw-update2.smartthings.com,firmware update,TLS 1.2,1964,0.9166
2019,smartthings-hub,fw-update2.smartthings.com,firmware update,TLS 1.2,1964,0.9201
2019,smartthings-hub,fw-update2.smartthings.com,firmware update,TLS 1.2,1964,0.9197
2019,smartthings-hub,fw-update2.smartthings.com,firmware update,TLS 1.2,1964,0.9206
2019,smartthings-hub,fw-update2.smartthings.com,firmware update,TLS 1.2,1964,0.9172
2019,smartthings-hub,fw-update2.smartthings.com,firmware update,TLS 1.2,1964,0.9177
2019,smartthings-hub,fw-update2.smartthings.com,firmware update,TLS 1.2,1964,0.9183
2019,smartthings-hub,fw-update2.smartthings.com,firmware update,TLS 1.2,1964,0.9197
2019,smartthings-hub,fw-update2.smartthings.com,firmware update,TLS 1.2,1964,0.9206
2019,smartthings-hub,fw-update2.smartthings.com,firmware update,TLS 1.2,1964,0.917
2019,smartthings-hub,fw-update2.smartthings.com,firmware update,TLS 1.2,1964,0.9192
2019,smartthings-hub,fw-update2.smartthings.com,firmware update,TLS 1.2,1964,0.9139
2019,smartthings-hub,fw-update2.smartthings.com,firmware update,TLS 1.2,1964,0.9207
2019,smartthings-hub,fw-update2.smartthings.com,firmware update,TLS 1.2,1964,0.9214
2019,smartthings-hub,fw-update2.smartthings.com,firmware update,TLS 1.2,1964,0.9168
2019,smartthings-hub,fw-update2.smartthings.com,firmware update,TLS 1.2,1964,0.9192
2019,smartthings-hub,fw-update2.smartthings.com,firmware update,TLS 1.2,1964,0.9202
2019,smartthings-hub,fw-update2.smartthings.com,firmware update,TLS 1.2,1964,0.9188
2019,smartthings-hub,fw-update2.smartthings.com,firmware update,TLS 1.2,1964,0.9167
2019,smartthings-hub,fw-update2.smartthings.com,firmware update,TLS 1.2,1964,0.9177
2019,smartthings-hub,fw-update2.smartthings.com,firmware update,TLS 1.2,1964,0.9182
2019,smartthings-hub,fw-update2.smartthings.com,firmware update,TLS 1.2,1964,0.9192
2019,smartthings-hub,fw-update2.smartthings.com,firmware update,TLS 1.2,1964,0.9206
2019,smartthings-hub,fw-update2.smartthings.com,firmware update,TLS 1.2,1964,0.9199
2019,smartthings-hub,fw-update2.smartthings.com,firmware update,TLS 1.2,1964,0.9194
2019,smartthings-hub,fw-update2.smartthings.com,firmware update,TLS 1.2,1964,0.9178
2019,t-echodot,softwareupdates.amazon.com,update check,TLS 1.2,5046,0.9424
2019,t-smartthings-hub,fw-update2.smartthings.com,firmware update,TLS 1.2,1964,0.921
2019,t-smartthings-hub,fw-update2.smartthings.com,firmware update,TLS 1.2,1964,0.921
2019,t-smartthings-hub,fw-update2.smartthings.com,firmware update,TLS 1.2,1964,0.9176
2019,t-smartthings-hub,fw-update2.smartthings.com,firmware update,TLS 1.2,1964,0.9195
2019,t-smartthings-hub,fw-update2.smartthings.com,firmware update,TLS 1.2,1964,0.9227
2019,t-smartthings-hub,fw-update2.smartthings.com,firmware update,TLS 1.2,1964,0.9204
2019,t-smartthings-hub,fw-update2.smartthings.com,firmware update,TLS 1.2,1964,0.9213
2019,t-smartthings-hub,fw-update2.smartthings.com,firmware update,TLS 1.2,1964,0.9183
2019,t-smartthings-hub,fw-update2.smartthings.com,firmware update,TLS 1.2,1964,0.9212
2019,t-smartthings-hub,fw-update2.smartthings.com,firmware update,TLS 1.2,1964,0.9182
2019,t-smartthings-hub,fw-update2.smartthings.com,firmware update,TLS 1.2,1964,0.9203
2019,t-smartthings-hub,fw-update2.smartthings.com,firmware update,TLS 1.2,1964,0.9181
2019,t-smartthings-hub,fw-update2.smartthings.com,firmware update,TLS 1.2,1964,0.9189
2019,t-smartthings-hub,fw-update2.smartthings.com,firmware update,TLS 1.2,1964,0.9214
2019,t-smartthings-hub,fw-update2.smartthings.com,firmware update,TLS 1.2,1964,0.9198
2019,t-smartthings-hub,fw-update2.smartthings.com,firmware update,TLS 1.2,1964,0.9188
2019,t-smartthings-hub,fw-update2.smartthings.com,firmware update,TLS 1.2,1964,0.9216
2019,t-smartthings-hub,fw-update2.smartthings.com,firmware update,TLS 1.2,1964,0.9179
2019,t-smartthings-hub,fw-update2.smartthings.com,firmware update,TLS 1.2,1964,0.9209
2019,t-smartthings-hub,fw-update2.smartthings.com,firmware update,TLS 1.2,1964,0.9207
2019,t-smartthings-hub,fw-update2.smartthings.com,firmware update,TLS 1.2,1964,0.9203
2019,t-smartthings-hub,fw-update2.smartthings.com,firmware update,TLS 1.2,1964,0.9179
2019,t-smartthings-hub,fw-update2.smartthings.com,firmware update,TLS 1.2,1964,0.9218
2019,t-smartthings-hub,fw-update2.smartthings.com,firmware update,TLS 1.2,1964,0.9176
2019,t-smartthings-hub,fw-update2.smartthings.com,firmware update,TLS 1.2,1964,0.9187
2019,t-smartthings-hub,fw-update2.smartthings.com,firmware update,TLS 1.2,1964,0.9187
2019,t-smartthings-hub,fw-update2.smartthings.com,firmware update,TLS 1.2,1964,0.9151
2019,t-smartthings-hub,fw-update2.smartthings.com,firmware update,TLS 1.2,1964,0.9176
2019,t-smartthings-hub,fw-update2.smartthings.com,firmware update,TLS 1.2,1964,0.9211
2019,t-smartthings-hub,fw-update2.smartthings.com,firmware update,TLS 1.2,1964,0.9153
2019,t-smartthings-hub,fw-update2.smartthings.com,firmware update,TLS 1.2,1964,0.9176
2019,t-smartthings-hub,fw-update2.smartthings.com,firmware update,TLS 1.2,1964,0.9191
2019,t-smartthings-hub,fw-update2.smartthings.com,firmware update,TLS 1.2,1964,0.9173
2019,t-smartthings-hub,fw-update2.smartthings.com,firmware update,TLS 1.2,1964,0.9222
2019,t-smartthings-hub,fw-update2.smartthings.com,firmware update,TLS 1.2,1964,0.92
2019,t-smartthings-hub,fw-update2.smartthings.com,firmware update,TLS 1.2,1964,0.9209
2019,t-smartthings-hub,fw-update2.smartthings.com,firmware update,TLS 1.2,1964,0.9192
2019,t-smartthings-hub,fw-update2.smartthings.com,firmware update,TLS 1.2,1964,0.9189
2019,t-smartthings-hub,fw-update2.smartthings.com,firmware update,TLS 1.2,1964,0.921
2019,t-smartthings-hub,fw-update2.smartthings.com,firmware update,TLS 1.2,1964,0.9191
2019,t-smartthings-hub,fw-update2.smartthings.com,firmware update,TLS 1.2,1964,0.9208
2019,t-smartthings-hub,fw-update2.smartthings.com,firmware update,TLS 1.2,1964,0.9196
2019,t-smartthings-hub,fw-update2.smartthings.com,firmware update,TLS 1.2,1964,0.9176
2019,t-smartthings-hub,fw-update2.smartthings.com,firmware update,TLS 1.2,1964,0.9183
2019,t-smartthings-hub,fw-update2.smartthings.com,firmware update,TLS 1.2,1964,0.9196
2019,t-smartthings-hub,fw-update2.smartthings.com,firmware update,TLS 1.2,1964,0.9176
2019,t-smartthings-hub,fw-update2.smartthings.com,firmware update,TLS 1.2,1964,0.9184
2019,t-smartthings-hub,fw-update2.smartthings.com,firmware update,TLS 1.2,1964,0.9173
2019,t-smartthings-hub,fw-update2.smartthings.com,firmware update,TLS 1.2,1964,0.9212
2019,t-smartthings-hub,fw-update2.smartthings.com,firmware update,TLS 1.2,1964,0.922
2019,t-smartthings-hub,fw-update2.smartthings.com,firmware update,TLS 1.2,1964,0.923
2019,t-smartthings-hub,fw-update2.smartthings.com,firmware update,TLS 1.2,1964,0.9216
2019,t-smartthings-hub,fw-update2.smartthings.com,firmware update,TLS 1.2,1964,0.9168
2019,t-smartthings-hub,fw-update2.smartthings.com,firmware update,TLS 1.2,1964,0.919
2019,t-smartthings-hub,fw-update2.smartthings.com,firmware update,TLS 1.2,1964,0.92
2019,t-smartthings-hub,fw-update2.smartthings.com,firmware update,TLS 1.2,1964,0.9218
2019,t-smartthings-hub,fw-update2.smartthings.com,firmware update,TLS 1.2,1964,0.92
2019,t-smartthings-hub,fw-update2.smartthings.com,firmware update,TLS 1.2,1964,0.9201
2019,t-smartthings-hub,fw-update2.smartthings.com,firmware update,TLS 1.2,1964,0.9189
2019,t-smartthings-hub,fw-update2.smartthings.com,firmware update,TLS 1.2,1964,0.9208
2019,t-smartthings-hub,fw-update2.smartthings.com,firmware update,TLS 1.2,1964,0.9198
2019,t-smartthings-hub,fw-update2.smartthings.com,firmware update,TLS 1.2,1964,0.922
2019,t-smartthings-hub,fw-update2.smartthings.com,firmware update,TLS 1.2,1964,0.9175
2019,t-smartthings-hub,fw-update2.smartthings.com,firmware update,TLS 1.2,1964,0.9193
2019,t-smartthings-hub,fw-update2.smartthings.com,firmware update,TLS 1.2,1964,0.9156
2019,t-smartthings-hub,fw-update2.smartthings.com,firmware update,TLS 1.2,1964,0.9208
2019,t-smartthings-hub,fw-update2.smartthings.com,firmware update,TLS 1.2,1964,0.9192
2019,t-smartthings-hub,fw-update2.smartthings.com,firmware update,TLS 1.2,1964,0.9195
2019,t-smartthings-hub,fw-update2.smartthings.com,firmware update,TLS 1.2,1964,0.9193
2019,t-smartthings-hub,fw-update2.smartthings.com,firmware update,TLS 1.2,1964,0.9168
2019,t-smartthings-hub,fw-update2.smartthings.com,firmware update,TLS 1.2,1964,0.9194
2019,t-smartthings-hub,fw-update2.smartthings.com,firmware update,TLS 1.2,1964,0.9196
2019,t-smartthings-hub,fw-update2.smartthings.com,firmware update,TLS 1.2,1964,0.9135
2019,t-smartthings-hub,fw-update2.smartthings.com,firmware update,TLS 1.2,1964,0.9195
2019,t-smartthings-hub,fw-update2.smartthings.com,firmware update,TLS 1.2,1964,0.9174
2019,t-smartthings-hub,fw-update2.smartthings.com,firmware update,TLS 1.2,1964,0.9171
2019,t-smartthings-hub,fw-update2.smartthings.com,firmware update,TLS 1.2,1964,0.9183
2019,t-smartthings-hub,fw-update2.smartthings.com,firmware update,TLS 1.2,1964,0.9187
2019,t-smartthings-hub,fw-update2.smartthings.com,firmware update,TLS 1.2,1964,0.9228
2019,t-smartthings-hub,fw-update2.smartthings.com,firmware update,TLS 1.2,1964,0.9162
2019,t-smartthings-hub,fw-update2.smartthings.com,firmware update,TLS 1.2,1964,0.9201
2019,t-smartthings-hub,fw-update2.smartthings.com,firmware update,TLS 1.2,1964,0.9216
2019,t-smartthings-hub,fw-update2.smartthings.com,firmware update,TLS 1.2,1964,0.9202
2019,t-smartthings-hub,fw-update2.smartthings.com,firmware update,TLS 1.2,1964,0.9186
2019,t-smartthings-hub,fw-update2.smartthings.com,firmware update,TLS 1.2,1964,0.9231
2019,t-smartthings-hub,fw-update2.smartthings.com,firmware update,TLS 1.2,1964,0.919
2019,t-smartthings-hub,fw-update2.smartthings.com,firmware update,TLS 1.2,1964,0.9201
2019,t-smartthings-hub,fw-update2.smartthings.com,firmware update,TLS 1.2,1964,0.9193
2019,t-smartthings-hub,fw-update2.smartthings.com,firmware update,TLS 1.2,1964,0.9176
2019,t-smartthings-hub,fw-update2.smartthings.com,firmware update,TLS 1.2,1964,0.9204
2019,t-smartthings-hub,fw-update2.smartthings.com,firmware update,TLS 1.2,1964,0.9204
2019,t-smartthings-hub,fw-update2.smartthings.com,firmware update,TLS 1.2,1964,0.918
2019,t-smartthings-hub,fw-update2.smartthings.com,firmware update,TLS 1.2,1964,0.917
2019,t-smartthings-hub,fw-update2.smartthings.com,firmware update,TLS 1.2,1964,0.9206
2019,t-smartthings-hub,fw-update2.smartthings.com,firmware update,TLS 1.2,1964,0.918
2019,t-smartthings-hub,fw-update2.smartthings.com,firmware update,TLS 1.2,1964,0.919
2019,t-smartthings-hub,fw-update2.smartthings.com,firmware update,TLS 1.2,1964,0.9225
2019,t-smartthings-hub,fw-update2.smartthings.com,firmware update,TLS 1.2,1964,0.9206
2019,t-smartthings-hub,fw-update2.smartthings.com,firmware update,TLS 1.2,1964,0.92
2019,t-smartthings-hub,fw-update2.smartthings.com,firmware update,TLS 1.2,1964,0.9216
2019,t-smartthings-hub,fw-update2.smartthings.com,firmware update,TLS 1.2,1964,0.9201
2019,t-smartthings-hub,fw-update2.smartthings.com,firmware update,TLS 1.2,1964,0.9165
2019,t-smartthings-hub,fw-update2.smartthings.com,firmware update,TLS 1.2,1964,0.9193
2019,t-smartthings-hub,fw-update2.smartthings.com,firmware update,TLS 1.2,1964,0.9182
2019,t-smartthings-hub,fw-update2.smartthings.com,firmware update,TLS 1.2,1964,0.9162
2019,t-smartthings-hub,fw-update2.smartthings.com,firmware update,TLS 1.2,1964,0.9194
2019,t-smartthings-hub,fw-update2.smartthings.com,firmware update,TLS 1.2,1964,0.9214
2019,t-smartthings-hub,fw-update2.smartthings.com,firmware update,TLS 1.2,1964,0.9193
2019,t-smartthings-hub,fw-update2.smartthings.com,firmware update,TLS 1.2,1964,0.9221
2019,t-smartthings-hub,fw-update2.smartthings.com,firmware update,TLS 1.2,1964,0.919
2019,t-smartthings-hub,fw-update2.smartthings.com,firmware update,TLS 1.2,1964,0.9166
2019,t-smartthings-hub,fw-update2.smartthings.com,firmware update,TLS 1.2,1964,0.9195
2019,t-smartthings-hub,fw-update2.smartthings.com,firmware update,TLS 1.2,1964,0.9184
2019,t-smartthings-hub,fw-update2.smartthings.com,firmware update,TLS 1.2,1964,0.9204
2019,t-smartthings-hub,fw-update2.smartthings.com,firmware update,TLS 1.2,1964,0.917
2019,t-smartthings-hub,fw-update2.smartthings.com,firmware update,TLS 1.2,1964,0.918
2019,t-smartthings-hub,fw-update2.smartthings.com,firmware update,TLS 1.2,1964,0.9186
2019,t-smartthings-hub,fw-update2.smartthings.com,firmware update,TLS 1.2,1964,0.9189
2019,t-smartthings-hub,fw-update2.smartthings.com,firmware update,TLS 1.2,1964,0.9197
2019,t-smartthings-hub,fw-update2.smartthings.com,firmware update,TLS 1.2,1964,0.9177
2019,t-smartthings-hub,fw-update2.smartthings.com,firmware update,TLS 1.2,1964,0.92
2019,t-smartthings-hub,fw-update2.smartthings.com,firmware update,TLS 1.2,1964,0.919
2019,t-smartthings-hub,fw-update2.smartthings.com,firmware update,TLS 1.2,1964,0.9175
2019,t-smartthings-hub,fw-update2.smartthings.com,firmware update,TLS 1.2,1964,0.9177
2019,t-smartthings-hub,fw-update2.smartthings.com,firmware update,TLS 1.2,1964,0.9206
2019,t-smartthings-hub,fw-update2.smartthings.com,firmware update,TLS 1.2,1964,0.9179
2019,t-smartthings-hub,fw-update2.smartthings.com,firmware update,TLS 1.2,1964,0.9154
2019,t-smartthings-hub,fw-update2.smartthings.com,firmware update,TLS 1.2,1964,0.9184
2019,t-smartthings-hub,fw-update2.smartthings.com,firmware update,TLS 1.2,1964,0.9176
2019,t-smartthings-hub,fw-update2.smartthings.com,firmware update,TLS 1.2,1964,0.9194
2019,t-smartthings-hub,fw-update2.smartthings.com,firmware update,TLS 1.2,1964,0.915
2019,t-smartthings-hub,fw-update2.smartthings.com,firmware update,TLS 1.2,1964,0.9191
2019,t-smartthings-hub,fw-update2.smartthings.com,firmware update,TLS 1.2,1964,0.9253
2019,t-smartthings-hub,fw-update2.smartthings.com,firmware update,TLS 1.2,1964,0.9198
2019,t-smartthings-hub,fw-update2.smartthings.com,firmware update,TLS 1.2,1964,0.9203
2019,t-smartthings-hub,fw-update2.smartthings.com,firmware update,TLS 1.2,1964,0.9196
2019,t-smartthings-hub,fw-update2.smartthings.com,firmware update,TLS 1.2,1964,0.917
2019,t-smartthings-hub,fw-update2.smartthings.com,firmware update,TLS 1.2,1964,0.9185
2019,t-smartthings-hub,fw-update2.smartthings.com,firmware update,TLS 1.2,1964,0.9189
2019,t-smartthings-hub,fw-update2.smartthings.com,firmware update,TLS 1.2,1964,0.9202
2019,t-smartthings-hub,fw-update2.smartthings.com,firmware update,TLS 1.2,1964,0.919
2019,t-smartthings-hub,fw-update2.smartthings.com,firmware update,TLS 1.2,1964,0.9207
2019,t-smartthings-hub,fw-update2.smartthings.com,firmware update,TLS 1.2,1964,0.9215
2019,t-smartthings-hub,fw-update2.smartthings.com,firmware update,TLS 1.2,1964,0.9166
2019,t-smartthings-hub,fw-update2.smartthings.com,firmware update,TLS 1.2,1964,0.9186
2019,t-smartthings-hub,fw-update2.smartthings.com,firmware update,TLS 1.2,1964,0.9203
2019,t-smartthings-hub,fw-update2.smartthings.com,firmware update,TLS 1.2,1964,0.9187
2019,t-smartthings-hub,fw-update2.smartthings.com,firmware update,TLS 1.2,1964,0.9196
2019,t-smartthings-hub,fw-update2.smartthings.com,firmware update,TLS 1.2,1964,0.918
2019,t-smartthings-hub,fw-update2.smartthings.com,firmware update,TLS 1.2,1964,0.9205
2019,t-smartthings-hub,fw-update2.smartthings.com,firmware update,TLS 1.2,1964,0.9216
2019,t-smartthings-hub,fw-update2.smartthings.com,firmware update,TLS 1.2,1964,0.9183
2019,t-smartthings-hub,fw-update2.smartthings.com,firmware update,TLS 1.2,1964,0.9199
2019,t-smartthings-hub,fw-update2.smartthings.com,firmware update,TLS 1.2,1964,0.9191
2019,t-smartthings-hub,fw-update2.smartthings.com,firmware update,TLS 1.2,1964,0.9177
2019,t-smartthings-hub,fw-update2.smartthings.com,firmware update,TLS 1.2,1964,0.917
2019,t-smartthings-hub,fw-update2.smartthings.com,firmware update,TLS 1.2,1964,0.9206
2019,t-smartthings-hub,fw-update2.smartthings.com,firmware update,TLS 1.2,1964,0.9176
2019,t-smartthings-hub,fw-update2.smartthings.com,firmware update,TLS 1.2,1964,0.9192
2019,t-smartthings-hub,fw-update2.smartthings.com,firmware update,TLS 1.2,1964,0.9202
2019,t-smartthings-hub,fw-update2.smartthings.com,firmware update,TLS 1.2,1964,0.9166
2019,t-smartthings-hub,fw-update2.smartthings.com,firmware update,TLS 1.2,1964,0.9188
2019,t-smartthings-hub,fw-update2.smartthings.com,firmware update,TLS 1.2,1964,0.9161
2019,t-smartthings-hub,fw-update2.smartthings.com,firmware update,TLS 1.2,1964,0.9157
2019,t-smartthings-hub,fw-update2.smartthings.com,firmware update,TLS 1.2,1964,0.9189
2019,t-smartthings-hub,fw-update2.smartthings.com,firmware update,TLS 1.2,1964,0.9173
2019,t-smartthings-hub,fw-update2.smartthings.com,firmware update,TLS 1.2,1964,0.9191
2019,t-smartthings-hub,fw-update2.smartthings.com,firmware update,TLS 1.2,1964,0.92
2019,t-smartthings-hub,fw-update2.smartthings.com,firmware update,TLS 1.2,1964,0.9224
2019,t-smartthings-hub,fw-update2.smartthings.com,firmware update,TLS 1.2,1964,0.9197
2019,t-smartthings-hub,fw-update2.smartthings.com,firmware update,TLS 1.2,1964,0.9194
2019,t-smartthings-hub,fw-update2.smartthings.com,firmware update,TLS 1.2,1964,0.9204
2019,t-smartthings-hub,fw-update2.smartthings.com,firmware update,TLS 1.2,1964,0.9199
2019,t-smartthings-hub,fw-update2.smartthings.com,firmware update,TLS 1.2,1964,0.92
2019,t-smartthings-hub,fw-update2.smartthings.com,firmware update,TLS 1.2,1964,0.9207
2019,t-smartthings-hub,fw-update2.smartthings.com,firmware update,TLS 1.2,1964,0.9212
2019,t-smartthings-hub,fw-update2.smartthings.com,firmware update,TLS 1.2,1964,0.9164
2019,t-smartthings-hub,fw-update2.smartthings.com,firmware update,TLS 1.2,1964,0.9198
2019,t-smartthings-hub,fw-update2.smartthings.com,firmware update,TLS 1.2,1964,0.919
2019,t-smartthings-hub,fw-update2.smartthings.com,firmware update,TLS 1.2,1964,0.9175
2019,t-smartthings-hub,fw-update2.smartthings.com,firmware update,TLS 1.2,1964,0.9208
2019,t-smartthings-hub,fw-update2.smartthings.com,firmware update,TLS 1.2,1964,0.9222
2019,t-smartthings-hub,fw-update2.smartthings.com,firmware update,TLS 1.2,1964,0.9198
2019,t-smartthings-hub,fw-update2.smartthings.com,firmware update,TLS 1.2,1964,0.9186
2019,t-smartthings-hub,fw-update2.smartthings.com,firmware update,TLS 1.2,1964,0.9178
2019,t-smartthings-hub,fw-update2.smartthings.com,firmware update,TLS 1.2,1964,0.9214
2019,t-smartthings-hub,fw-update2.smartthings.com,firmware update,TLS 1.2,1964,0.9187
2019,t-smartthings-hub,fw-update2.smartthings.com,firmware update,TLS 1.2,1964,0.9189
2019,t-smartthings-hub,fw-update2.smartthings.com,firmware update,TLS 1.2,1964,0.9226
2019,t-smartthings-hub,fw-update2.smartthings.com,firmware update,TLS 1.2,1964,0.9195
2019,t-smartthings-hub,fw-update2.smartthings.com,firmware update,TLS 1.2,1964,0.9205
2019,t-smartthings-hub,fw-update2.smartthings.com,firmware update,TLS 1.2,1964,0.919
2019,t-smartthings-hub,fw-update2.smartthings.com,firmware update,TLS 1.2,1964,0.9196
2019,t-smartthings-hub,fw-update2.smartthings.com,firmware update,TLS 1.2,1964,0.9201
2019,t-smartthings-hub,fw-update2.smartthings.com,firmware update,TLS 1.2,1964,0.9182
2019,t-smartthings-hub,fw-update2.smartthings.com,firmware update,TLS 1.2,1964,0.9189
2019,t-smartthings-hub,fw-update2.smartthings.com,firmware update,TLS 1.2,1964,0.9182
2019,t-smartthings-hub,fw-update2.smartthings.com,firmware update,TLS 1.2,1964,0.9172
2019,t-smartthings-hub,fw-update2.smartthings.com,firmware update,TLS 1.2,1964,0.9183
2019,t-smartthings-hub,fw-update2.smartthings.com,firmware update,TLS 1.2,1964,0.9177
2019,t-smartthings-hub,fw-update2.smartthings.com,firmware update,TLS 1.2,1964,0.9206
2019,t-smartthings-hub,fw-update2.smartthings.com,firmware update,TLS 1.2,1964,0.9172
2019,t-smartthings-hub,fw-update2.smartthings.com,firmware update,TLS 1.2,1964,0.9183
2019,t-smartthings-hub,fw-update2.smartthings.com,firmware update,TLS 1.2,1964,0.9174
2019,t-smartthings-hub,fw-update2.smartthings.com,firmware update,TLS 1.2,1964,0.9174
2019,t-smartthings-hub,fw-update2.smartthings.com,firmware update,TLS 1.2,1964,0.9182
2019,t-smartthings-hub,fw-update2.smartthings.com,firmware update,TLS 1.2,1964,0.9191
2019,t-smartthings-hub,fw-update2.smartthings.com,firmware update,TLS 1.2,1964,0.9177
2019,t-smartthings-hub,fw-update2.smartthings.com,firmware update,TLS 1.2,1964,0.9159
2019,t-smartthings-hub,fw-update2.smartthings.com,firmware update,TLS 1.2,1964,0.9191
2019,t-smartthings-hub,fw-update2.smartthings.com,firmware update,TLS 1.2,1964,0.9215
2019,t-smartthings-hub,fw-update2.smartthings.com,firmware update,TLS 1.2,1964,0.918
2019,t-smartthings-hub,fw-update2.smartthings.com,firmware update,TLS 1.2,1964,0.9206
2019,t-smartthings-hub,fw-update2.smartthings.com,firmware update,TLS 1.2,1964,0.9224
2019,t-smartthings-hub,fw-update2.smartthings.com,firmware update,TLS 1.2,1964,0.919
2019,t-smartthings-hub,fw-update2.smartthings.com,firmware update,TLS 1.2,1964,0.9193
2019,t-smartthings-hub,fw-update2.smartthings.com,firmware update,TLS 1.2,1964,0.9182
2019,t-smartthings-hub,fw-update2.smartthings.com,firmware update,TLS 1.2,1964,0.9191
2019,t-smartthings-hub,fw-update2.smartthings.com,firmware update,TLS 1.2,1964,0.9231
2019,t-smartthings-hub,fw-update2.smartthings.com,firmware update,TLS 1.2,1964,0.9189
2019,t-smartthings-hub,fw-update2.smartthings.com,firmware update,TLS 1.2,1964,0.9197
2019,t-smartthings-hub,fw-update2.smartthings.com,firmware update,TLS 1.2,1964,0.9203
2019,t-smartthings-hub,fw-update2.smartthings.com,firmware update,TLS 1.2,1964,0.918
2019,t-smartthings-hub,fw-update2.smartthings.com,firmware update,TLS 1.2,1964,0.9183
2019,t-smartthings-hub,fw-update2.smartthings.com,firmware update,TLS 1.2,1964,0.9207
2019,t-smartthings-hub,fw-update2.smartthings.com,firmware update,TLS 1.2,1964,0.9177
2019,t-smartthings-hub,fw-update2.smartthings.com,firmware update,TLS 1.2,1964,0.9195
2019,t-smartthings-hub,fw-update2.smartthings.com,firmware update,TLS 1.2,1964,0.9201
2019,t-smartthings-hub,fw-update2.smartthings.com,firmware update,TLS 1.2,1964,0.9216
2019,t-smartthings-hub,fw-update2.smartthings.com,firmware update,TLS 1.2,1964,0.9211
2019,t-smartthings-hub,fw-update2.smartthings.com,firmware update,TLS 1.2,1964,0.9194
2019,t-smartthings-hub,fw-update2.smartthings.com,firmware update,TLS 1.2,1964,0.9178
2019,t-smartthings-hub,fw-update2.smartthings.com,firmware update,TLS 1.2,1964,0.9207
2019,t-smartthings-hub,fw-update2.smartthings.com,firmware update,TLS 1.2,1964,0.9208
2019,t-smartthings-hub,fw-update2.smartthings.com,firmware update,TLS 1.2,1964,0.9142
2019,t-smartthings-hub,fw-update2.smartthings.com,firmware update,TLS 1.2,1964,0.9203
2019,t-smartthings-hub,fw-update2.smartthings.com,firmware update,TLS 1.2,1964,0.9237
2019,t-smartthings-hub,fw-update2.smartthings.com,firmware update,TLS 1.2,1964,0.9229
2019,t-smartthings-hub,fw-update2.smartthings.com,firmware update,TLS 1.2,1964,0.9172
2019,t-smartthings-hub,fw-update2.smartthings.com,firmware update,TLS 1.2,1964,0.9173
2019,t-smartthings-hub,fw-update2.smartthings.com,firmware update,TLS 1.2,1964,0.9196
2019,t-smartthings-hub,fw-update2.smartthings.com,firmware update,TLS 1.2,1964,0.9214
2019,t-smartthings-hub,fw-update2.smartthings.com,firmware update,TLS 1.2,1964,0.9219
2019,t-smartthings-hub,fw-update2.smartthings.com,firmware update,TLS 1.2,1964,0.9152
2019,t-smartthings-hub,fw-update2.smartthings.com,firmware update,TLS 1.2,1964,0.9209
2019,t-smartthings-hub,fw-update2.smartthings.com,firmware update,TLS 1.2,1964,0.9185
2019,t-smartthings-hub,fw-update2.smartthings.com,firmware update,TLS 1.2,1964,0.9191
2019,t-smartthings-hub,fw-update2.smartthings.com,firmware update,TLS 1.2,1964,0.9181
2019,t-smartthings-hub,fw-update2.smartthings.com,firmware update,TLS 1.2,1964,0.9205
2019,t-smartthings-hub,fw-update2.smartthings.com,firmware update,TLS 1.2,1964,0.9188
2019,t-smartthings-hub,fw-update2.smartthings.com,firmware update,TLS 1.2,1964,0.9189
2019,t-smartthings-hub,fw-update2.smartthings.com,firmware update,TLS 1.2,1964,0.9184
2019,t-smartthings-hub,fw-update2.smartthings.com,firmware update,TLS 1.2,1964,0.9198
2019,t-smartthings-hub,fw-update2.smartthings.com,firmware update,TLS 1.2,1964,0.9204
2019,t-smartthings-hub,fw-update2.smartthings.com,firmware update,TLS 1.2,1964,0.9194
2019,t-smartthings-hub,fw-update2.smartthings.com,firmware update,TLS 1.2,1964,0.9202
2019,t-smartthings-hub,fw-update2.smartthings.com,firmware update,TLS 1.2,1964,0.9202
2019,t-smartthings-hub,fw-update2.smartthings.com,firmware update,TLS 1.2,1964,0.9184
2019,t-smartthings-hub,fw-update2.smartthings.com,firmware update,TLS 1.2,1964,0.919
2019,t-smartthings-hub,fw-update2.smartthings.com,firmware update,TLS 1.2,1964,0.9214
2019,t-smartthings-hub,fw-update2.smartthings.com,firmware update,TLS 1.2,1964,0.9227
2019,t-smartthings-hub,fw-update2.smartthings.com,firmware update,TLS 1.2,1964,0.919
2019,t-smartthings-hub,fw-update2.smartthings.com,firmware update,TLS 1.2,1964,0.9203
2019,t-smartthings-hub,fw-update2.smartthings.com,firmware update,TLS 1.2,1964,0.9199
2019,t-smartthings-hub,fw-update2.smartthings.com,firmware update,TLS 1.2,1964,0.9181
2019,t-smartthings-hub,fw-update2.smartthings.com,firmware update,TLS 1.2,1964,0.918
2019,t-smartthings-hub,fw-update2.smartthings.com,firmware update,TLS 1.2,1964,0.9185
2019,t-smartthings-hub,fw-update2.smartthings.com,firmware update,TLS 1.2,1964,0.9187
2019,t-smartthings-hub,fw-update2.smartthings.com,firmware update,TLS 1.2,1964,0.9201
2019,t-smartthings-hub,fw-update2.smartthings.com,firmware update,TLS 1.2,1964,0.9161
2019,t-smartthings-hub,fw-update2.smartthings.com,firmware update,TLS 1.2,1964,0.9197
2019,t-smartthings-hub,fw-update2.smartthings.com,firmware update,TLS 1.2,1964,0.9166
2019,t-smartthings-hub,fw-update2.smartthings.com,firmware update,TLS 1.2,1964,0.9156
2019,t-smartthings-hub,fw-update2.smartthings.com,firmware update,TLS 1.2,1964,0.9169
2019,t-smartthings-hub,fw-update2.smartthings.com,firmware update,TLS 1.2,1964,0.92
2019,t-smartthings-hub,fw-update2.smartthings.com,firmware update,TLS 1.2,1964,0.9197
2019,t-smartthings-hub,fw-update2.smartthings.com,firmware update,TLS 1.2,1964,0.9231
2019,t-smartthings-hub,fw-update2.smartthings.com,firmware update,TLS 1.2,1964,0.9182
2019,t-smartthings-hub,fw-update2.smartthings.com,firmware update,TLS 1.2,1964,0.9185
2019,t-smartthings-hub,fw-update2.smartthings.com,firmware update,TLS 1.2,1964,0.919
2019,t-smartthings-hub,fw-update2.smartthings.com,firmware update,TLS 1.2,1964,0.9205
2019,t-smartthings-hub,fw-update2.smartthings.com,firmware update,TLS 1.2,1964,0.9174
2019,t-smartthings-hub,fw-update2.smartthings.com,firmware update,TLS 1.2,1964,0.9175
2019,t-smartthings-hub,fw-update2.smartthings.com,firmware update,TLS 1.2,1964,0.9185
2019,t-smartthings-hub,fw-update2.smartthings.com,firmware update,TLS 1.2,1964,0.9208
2019,t-smartthings-hub,fw-update2.smartthings.com,firmware update,TLS 1.2,1964,0.9218
2019,t-smartthings-hub,fw-update2.smartthings.com,firmware update,TLS 1.2,1964,0.9207
2019,t-smartthings-hub,fw-update2.smartthings.com,firmware update,TLS 1.2,1964,0.9204
2019,t-smartthings-hub,fw-update2.smartthings.com,firmware update,TLS 1.2,1964,0.9192
2019,t-smartthings-hub,fw-update2.smartthings.com,firmware update,TLS 1.2,1964,0.9192
2019,t-smartthings-hub,fw-update2.smartthings.com,firmware update,TLS 1.2,1964,0.9191
2019,t-smartthings-hub,fw-update2.smartthings.com,firmware update,TLS 1.2,1964,0.9228
2019,t-smartthings-hub,fw-update2.smartthings.com,firmware update,TLS 1.2,1964,0.9186
2019,t-smartthings-hub,fw-update2.smartthings.com,firmware update,TLS 1.2,1964,0.919
2019,t-smartthings-hub,fw-update2.smartthings.com,firmware update,TLS 1.2,1964,0.9195
2019,t-smartthings-hub,fw-update2.smartthings.com,firmware update,TLS 1.2,1964,0.9194
2019,t-smartthings-hub,fw-update2.smartthings.com,firmware update,TLS 1.2,1964,0.9209
2019,t-smartthings-hub,fw-update2.smartthings.com,firmware update,TLS 1.2,1964,0.9186
2019,t-smartthings-hub,fw-update2.smartthings.com,firmware update,TLS 1.2,1964,0.9191
